ICAO,IATA,FAA,Name,Served City,Country,Latitude,Longitude,Category,ARR Slot,DEP Slot,PPR
BIAR,AEY,,Akureyri,Akureyri,Iceland,65.6566667,-18.0719444,AirSprint Inc.: C,,,
BIKF,KEF,,Keflavik,Keflavik,Iceland,63.985,-22.6055556,AirSprint Inc.: A,Yes,Yes,
BIRK,RKV,,Reykjavik,Reykjavik,Iceland,64.13,-21.9405556,AirSprint Inc.: C,,,
CEQ3,,,Camrose Airport,Camrose,Canada,53.04029846,-112.8160019,AirSprint Inc.: B,,,
CJW5,,,Russell Airport,Russell,Canada,50.76580048,-101.2949982,AirSprint Inc.: B,,,
CNP3,,,Arnprior Airport,Arnprior,Canada,45.41360092,-76.36579895,AirSprint Inc.: B,,,
CYAG,YAG,,Fort Frances Municipal,Fort Frances,Canada,48.6543889,-93.4405778,AirSprint Inc.: A,,,
CYAM,YAM,,Sault Ste Marie,Sault Ste Marie,Canada,46.485,-84.509444,AirSprint Inc.: A,,,
CYAZ,YAZ,,Tofino - Long Beach,Tofino,Canada,49.082222,-125.7725,AirSprint Inc.: B,,,
CYBC,YBC,,Baie-Comeau,Baie-Comeau ,Canada,49.1324972,-68.20435,AirSprint Inc.: A,,,
CYBD,QBC,,Bella Coola,Bella Coola ,Canada,52.3875,-126.595833,AirSprint Inc.: P,,,
CYBF,YBY,,Bonnyville,Bonnyville,Canada,54.304775,-110.7412306,AirSprint Inc.: B,,,
CYBG,YBG,,Bagotville,Saguenay,Canada,48.3305556,-70.9963889,AirSprint Inc.: A,,,Yes
CYBL,YBL,,Campbell River,Campbell River,Canada,49.9520389,-125.27305,AirSprint Inc.: A,,,
CYBR,YBR,,Brandon Municipal,Brandon,Canada,49.91,-99.9522694,AirSprint Inc.: A,,,
CYBW,,,Calgary Springbank,Calgary,Canada,51.1053139,-114.3714889,AirSprint Inc.: A,,,
CYBX,YBX,,Lourdes-de-Blanc-Sablon,Lourdes-de-Blanc-Sablon,Canada,51.44205,-57.1861222,AirSprint Inc.: A,,,
CYCD,YCD,,Nanaimo,Nanaimo,Canada,49.054444,-123.87,AirSprint Inc.: A,,,
CYCG,YCG,,Castlegar West Kootenay Regional ,Castlegar,Canada,49.296225,-117.6325028,AirSprint Inc.: C,,,
CYCH,YCH,,Miramichi,Miramichi,Canada,47.0057917,-65.4568056,AirSprint Inc.: A,,,
CYCK,XCM,,Chatham-Kent,Chatham-Kent,Canada,42.3062306,-82.0817472,AirSprint Inc.: A,,,
CYCL,YCL,,Charlo,Charlo,Canada,47.99095,-66.3303944,AirSprint Inc.: A,,,
CYCN,YCN,,Cochrane,Cochrane,Canada,49.1067194,-81.0152472,AirSprint Inc.: B,,,
CYCW,YCW,,Chilliwack,Chilliwack ,Canada,49.1527778,-121.9388889,AirSprint Inc.: B,,,
CYCZ,YCZ,,Fairmont Hot Springs,Fairmont Hot Springs,Canada,50.3301639,-115.8734528,AirSprint Inc.: A,,,
CYDA,YDA,,Dawson City,Dawson City,Canada,64.042222,-139.130278,AirSprint Inc.: C,,,
CYDF,YDF,,Deer Lake Regional,Deer Lake,Canada,49.2091694,-57.3943583,AirSprint Inc.: A,,,Yes
CYDN,YDN,,Dauphin Lt. Col W.G. Billy Barker VC,Dauphin,Canada,51.1015194,-100.0532611,AirSprint Inc.: A,,,
CYDQ,YDQ,,Dawson Creek,Dawson Creek,Canada,55.7422611,-120.1830583,AirSprint Inc.: A,,,
CYEE,,,Midland Huronia,Midland,Canada,44.6848389,-79.9294028,AirSprint Inc.: B,,,
CYEG,YEG,,Edmonton International,Edmonton,Canada,53.3098833,-113.5794944,AirSprint Inc.: A,,,
CYEN,YEN,,Estevan Regional,Estevan,Canada,49.2101944,-102.9657583,AirSprint Inc.: A,,,
CYES,,,Edmundston,Edmundston,Canada,47.4905556,-68.4819444,AirSprint Inc.: A,,,
CYET,YET,,Edson,Edson,Canada,53.5789333,-116.4650583,AirSprint Inc.: A,,,
CYEV,YEV,,Inuvik Mike Zubko,Inuvik,Canada,68.3037778,-133.483125,AirSprint Inc.: A,,,
CYFB,YFB,,Iqaluit,Iqaluit,Canada,63.7565722,-68.5561167,AirSprint Inc.: A,,,
CYFC,YFC,,Fredericton International,Fredericton ,Canada,45.8688778,-66.5372194,AirSprint Inc.: A,,,
CYFD,,,Brantford,Brantford,Canada,43.1323833,-80.3415194,AirSprint Inc.: A,,,
CYFJ,YTM,,La Macaza Mont Tremblant International,La Macaza,Canada,46.4090833,-74.780075,AirSprint Inc.: A,,,
CYFO,YFO,,Flin Flon,Flin Flon,Canada,54.6780639,-101.6818806,AirSprint Inc.: A,,,
CYFS,YFS,,Fort Simpson,Fort Simpson,Canada,61.7601528,-121.2365278,AirSprint Inc.: A,,,
CYGD,,,Goderich,Goderich,Canada,43.7678639,-81.7106944,AirSprint Inc.: A,,,
CYGE,,,Golden,Golden ,Canada,51.2991861,-116.9821222,AirSprint Inc.: B,,,
CYGK,YGK,,Kingston,Kingston,Canada,44.2258639,-76.5966056,AirSprint Inc.: A,,,
CYGM,YGM,,Gimli Industrial Park,Gimli,Canada,50.6280556,-97.0433333,AirSprint Inc.: A,,,
CYGP,YGP,,Michel-Pouliot Gaspé,Gaspe,Canada,48.7751639,-64.4796639,AirSprint Inc.: A,,,
CYGQ,YGQ,,Geraldton,Geraldton,Canada,49.7786889,-86.9385528,AirSprint Inc.: A,,,
CYGR,YGR,,Iles-de-la-Madeleine,Iles-de-la-Madeleine,Canada,47.4250667,-61.7779778,AirSprint Inc.: A,,,
CYGV,YGV,,Havre Saint-Pierre,Havre St-Pierre,Canada,50.2819444,-63.6111111,AirSprint Inc.: B,,,
CYHD,YHD,,Dryden Regional,Dryden,Canada,49.8315111,-92.743675,AirSprint Inc.: A,,,
CYHF,YHF,,Hearst (René Fontaine) Muni,Hearst,Canada,49.71395,-83.6870639,AirSprint Inc.: B,,,
CYHM,YHM,,John C. Munro Hamilton International,Hamilton,Canada,43.1736556,-79.9350778,AirSprint Inc.: A,,,
CYHR,YHR,,Chevery,Chevery,Canada,50.4689722,-59.6366778,AirSprint Inc.: A,,,
CYHS,,,Hanover Saugeen Muni,Walkerton,Canada,44.1580111,-81.0632,AirSprint Inc.: B,,,
CYHU,YHU,,Montreal Metropolitan,Montreal,Canada,45.5180583,-73.4169944,AirSprint Inc.: A,,,
CYHZ,YHZ,,Halifax Stanfield International,Halifax,Canada,44.8796806,-63.5101917,AirSprint Inc.: A,,,
CYJT,YJT,,Stephenville Dymond International,Stephenville,Canada,48.54145,-58.5499083,AirSprint Inc.: A,,,
CYKA,YKA,,Kamloops,Kamloops,Canada,50.7025111,-120.4486056,AirSprint Inc.: A,,,
CYKF,YKF,,Region of Waterloo International,Kitchener,Canada,43.460775,-80.3787139,AirSprint Inc.: A,,,
CYKZ,YKZ,,Buttonville Municipal Airport,Markham,Canada,43.8608556,-79.368725,AirSprint Inc.: NC,,,
CYLB,YLB,,Lac La Biche,Lac La Biche,Canada,54.7704139,-112.0317778,AirSprint Inc.: A,,,
CYLJ,YLJ,,Meadow Lake,Meadow Lake,Canada,54.1253917,-108.5228972,AirSprint Inc.: A,,,
CYLL,YLL,,Lloydminster,Lloydminster,Canada,53.3105833,-110.0741611,AirSprint Inc.: A,,,
CYLS,YLK,,Lake Simcoe Regional,Barrie-Orillia,Canada,44.485278,-79.555556,AirSprint Inc.: A,,,
CYLW,YLW,,Kelowna International,Kelowna ,Canada,49.9572222,-119.3777778,AirSprint Inc.: A,,,
CYME,YME,,Matane/Russell-Burnett,Matane,Canada,48.8562889,-67.4523,AirSprint Inc.: A,,,
CYML,YML,,Charlevoix,Charlevoix,Canada,47.5975889,-70.2238556,AirSprint Inc.: A,,,
CYMM,YMM,,Fort McMurray International,Fort McMurray,Canada,56.6531972,-111.2233306,AirSprint Inc.: A,,,
CYMW,YMW,,Maniwaki,Maniwaki ,Canada,46.272825,-75.9905333,AirSprint Inc.: A,,,
CYMX,YMX,,Montréal–Mirabel International,Montreal,Canada,45.6797806,-74.0387083,AirSprint Inc.: A,,,
CYNA,YNA,,Natashquan,Natashquan,Canada,50.1900833,-61.7889472,AirSprint Inc.: B,,,
CYND,YND,,Ottawa - Gatineau,Ottawa,Canada,45.521389,-75.564167,AirSprint Inc.: A,,,
CYNM,YNM,,Matagami,Matagami,Canada,49.7617722,-77.8027056,AirSprint Inc.: A,,,
CYOJ,YOJ,,High Level,High Level,Canada,58.6215778,-117.1646694,AirSprint Inc.: A,,,
CYOO,YOO,,Oshawa,Oshawa,Canada,43.922778,-78.895,AirSprint Inc.: B,,,
CYOS,YOS,,Owen Sound Billy Bishop Regional,Owen Sound,Canada,44.590278,-80.8375,AirSprint Inc.: B,,,
CYOW,YOW,,Ottawa - Macdonald-Cartier,Ottawa,Canada,45.3225,-75.669167,AirSprint Inc.: A,,,
CYPA,YPA,,Prince Albert Glass Field,Prince Albert ,Canada,53.2145778,-105.6729806,AirSprint Inc.: A,,,
CYPD,YPS,,Port Hawkesbury,Port Hawkesbury,Canada,45.6565028,-61.3683667,AirSprint Inc.: A,,,
CYPE,YPE,,Peace River,Peace River,Canada,56.2272917,-117.4484194,AirSprint Inc.: A,,,
CYPG,YPG,,Portage La Prairie,Portage,Canada,49.902778,-98.274722,AirSprint Inc.: A,,,
CYPK,,,Pitt Meadows,Pitt Meadows,Canada,49.216111,-122.712778,AirSprint Inc.: A,,,
CYPL,YPL,,Pickle Lake,Pickle Lake,Canada,51.4464833,-90.2141333,AirSprint Inc.: A,,,
CYPN,YPN,,Port-Menier,Port-Menier,Canada,49.8365167,-64.2886194,AirSprint Inc.: A,,,
CYPQ,YPQ,,Peterborough,Peterborough,Canada,44.23,-78.363333,AirSprint Inc.: A,,,
CYPR,YPR,,Prince Rupert,Prince Rupert,Canada,54.285833,-130.444722,AirSprint Inc.: A,,,
CYPW,YPW,,Powell River,Powell River,Canada,49.834167,-124.500278,AirSprint Inc.: B,,,
CYPZ,YPZ,,Burns Lake,Burns Lake,Canada,54.376389,-125.951389,AirSprint Inc.: A,,,
CYQA,YQA,,Muskoka,Gravenhurst,Canada,44.974722,-79.303333,AirSprint Inc.: A,,,
CYQB,YQB,,Quebec - Jean Lesage International,Quebec City,Canada,46.791111,-71.393333,AirSprint Inc.: A,,,
CYQD,YQD,,The Pas,The Pas,Canada,53.9712833,-101.0910472,AirSprint Inc.: A,,,
CYQF,YQF,,Red Deer Regional,Red Deer,Canada,52.1822861,-113.8944889,AirSprint Inc.: A,,,
CYQG,YQG,,Windsor,Windsor,Canada,42.275864,-82.957649,AirSprint Inc.: A,,,
CYQH,YQH,,Watson Lake,Watson Lake,Canada,60.116389,-128.8225,AirSprint Inc.: A,,,
CYQI,YQI,,Yarmouth,Yarmouth,Canada,43.826944,-66.088056,AirSprint Inc.: A,,,
CYQK,YQK,,Kenora,Kenora,Canada,49.7883278,-94.3631139,AirSprint Inc.: A,,,
CYQL,YQL,,Lethbridge,Lethbridge,Canada,49.6302278,-112.7996972,AirSprint Inc.: A,,,
CYQM,YQM,,Greater Moncton Roméo LeBlanc International,Moncton,Canada,46.1160944,-64.6786056,AirSprint Inc.: A,,,
CYQQ,YQQ,,CFB Comox,Comox,Canada,49.7108333,-124.8866667,AirSprint Inc.: A,,,Yes
CYQR,YQR,,Regina International,Regina,Canada,50.4321917,-104.6660528,AirSprint Inc.: A,,,Yes
CYQS,YQS,,St Thomas Municipal, St. Thomas,Canada,42.77,-81.110833,AirSprint Inc.: A,,,
CYQT,YQT,,Thunder Bay,Thunder Bay,Canada,48.371944,-89.323889,AirSprint Inc.: A,,,
CYQU,YQU,,Grande Prairie,Grande Prairie,Canada,55.1819028,-118.8871889,AirSprint Inc.: A,,,
CYQV,YQV,,Yorkton Regional,Yorkton,Canada,51.2647222,-102.4613889,AirSprint Inc.: A,,,
CYQW,YQW,,North Battleford,North Battleford,Canada,52.7691,-108.2444611,AirSprint Inc.: A,,,
CYQX,YQX,,Gander International,Gander,Canada,48.9370194,-54.5681361,AirSprint Inc.: A,,,
CYQY,YQY,,JA Douglas McCurdy Sydney,Sydney,Canada,46.1615194,-60.0480417,AirSprint Inc.: A,,,
CYQZ,YQZ,,Quesnel,Quesnel,Canada,53.026075,-122.5103667,AirSprint Inc.: A,,,
CYRC,,,Chicoutimi Saint-Honoré,Chicoutimi,Canada,48.5206972,-71.0505722,AirSprint Inc.: A,,,
CYRI,YRI,,Riviere-Du-Loup,Riviere-du-Loup,Canada,47.764444,-69.584722,AirSprint Inc.: A,,,
CYRL,YRL,,Red Lake,Red Lake,Canada,51.0670917,-93.7930417,AirSprint Inc.: A,,,
CYRM,YRM,,Rocky Mountain House,Rocky Mountain House,Canada,52.4296833,-114.9042333,AirSprint Inc.: A,,,
CYRP,,,Carp,Ottawa,Canada,45.319167,-76.022222,AirSprint Inc.: B,,,
CYRQ,YRQ,,Trois-Rivieres,Trois-Rivieres,Canada,46.352778,-72.679444,AirSprint Inc.: A,,,
CYRT,YRT,,Rankin Inlet,Rankin Inlet,Canada,62.8106611,-92.1146111,AirSprint Inc.: A,,,
CYRV,YRV,,Revelstoke,Revelstoke,Canada,50.9623417,-118.1843528,AirSprint Inc.: A,,,
CYSA,,,Stratford Municipal,Stratford,Canada,43.4158694,-80.9340778,AirSprint Inc.: A,,,
CYSB,YSB,,Sudbury,Sudbury,Canada,46.625,-80.798889,AirSprint Inc.: A,,,
CYSC,YSC,,Sherbrooke,Sherbrooke,Canada,45.438056,-71.690556,AirSprint Inc.: A,,,
CYSG,,,St Georges,St Georges,Canada,46.096389,-70.714722,AirSprint Inc.: A,,,
CYSJ,YSJ,,Saint John,Saint John,Canada,45.316111,-65.890278,AirSprint Inc.: A,,,
CYSN,YCM,,St Catharines - Niagara District,St Catharines,Canada,43.191667,-79.171667,AirSprint Inc.: A,,,
CYSP,YSP,,Marathon,Marathon,Canada,48.7571056,-86.3458472,AirSprint Inc.: B,,,
CYSU,YSU,,Summerside,Summerside ,Canada,46.440556,-63.833611,AirSprint Inc.: A,,,
CYTA,YTA,,Pembroke,Pembroke,Canada,45.864444,-77.251667,AirSprint Inc.: A,,,
CYTH,YTH,,Thompson,Thompson,Canada,55.8046306,-97.8624083,AirSprint Inc.: A,,,
CYTN,,,Trenton,Trenton,Canada,45.6118167,-62.6211167,AirSprint Inc.: A,,,
CYTS,YTS,,Timmins,Timmins,Canada,48.569722,-81.376667,AirSprint Inc.: A,,,
CYUL,YUL,," Montréal Pierre-Elliott-Trudeau Intl, Qc",Dorval,Canada,45.4704639,-73.7409306,AirSprint Inc.: A,Yes,Yes,
CYUY,YUY,,Rouyn-Noranda,Rouyn-Noranda,Canada,48.206111,-78.835556,AirSprint Inc.: A,,,
CYVB,YVB,,Bonaventure,Bonaventure,Canada,48.0710861,-65.4602222,AirSprint Inc.: A,,,
CYVC,YVC,,La Ronge Barber Field,La Ronge,Canada,55.1513389,-105.2669861,AirSprint Inc.: A,,,
CYVD,,,Virden R.J. Andrew Field Regional,Virden,Canada,49.8782083,-100.9182111,AirSprint Inc.: B,,,
CYVO,YVO,,Val-D'or,Val-d'Or,Canada,48.053333,-77.782778,AirSprint Inc.: A,,,
CYVP,YVP,,Kuujjuaq,Kuujjuaq,Canada,58.094875,-68.4221722,AirSprint Inc.: A,,,
CYVQ,YVQ,,Norman Wells,Norman Wells,Canada,65.2813222,-126.7985694,AirSprint Inc.: A,,,
CYVR,YVR,,Vancouver International,Vancouver ,Canada,49.194722,-123.183889,AirSprint Inc.: A,Yes,Yes,
CYVV,YVV,,Wiarton,Wiarton,Canada,44.745833,-81.107222,AirSprint Inc.: A,,,
CYWG,YWG,,Winnipeg James Armstrong Richardson International,Winnipeg,Canada,49.9100111,-97.2400944,AirSprint Inc.: A,,,
CYWK,YWK,,Wabush Airport,Wabush,Canada,52.922725,-66.864675,AirSprint Inc.: A,,,
CYWL,YWL,,Williams Lake,Williams Lake,Canada,52.1834028,-122.0543361,AirSprint Inc.: A,,,
CYXC,YXC,,Cranbrook Canadian Rockies,Cranbrook,Canada,49.6121194,-115.7820528,AirSprint Inc.: A,,,
CYXE,YXE,,Saskatoon John G. Diefenbaker International,Saskatoon,Canada,52.1709611,-106.6999556,AirSprint Inc.: A,,,
CYXH,YXH,,Medicine Hat,Medicine Hat,Canada,50.0188944,-110.7206278,AirSprint Inc.: A,,,
CYXJ,YXJ,,Fort St. John,Fort St. John,Canada,56.2383778,-120.7402861,AirSprint Inc.: A,,,
CYXK,YXK,,Rimouski Aerodrome,Rimouski,Canada,48.4776944,-68.4963472,AirSprint Inc.: A,,,
CYXL,YXL,,Sioux Lookout,Sioux Lookout,Canada,50.1141667,-91.9055,AirSprint Inc.: A,,,
CYXR,YXR,,Earlton (Timiskaming Regional),Earlton,Canada,47.6949139,-79.8489556,AirSprint Inc.: A,,,
CYXS,YXS,,Prince George,Prince George,Canada,53.8840361,-122.6775528,AirSprint Inc.: A,,,
CYXT,YXT,,Terrace,Terrace,Canada,54.468611,-128.578333,AirSprint Inc.: A,,,
CYXU,YXU,,London International,London,Canada,43.0330528,-81.151,AirSprint Inc.: A,,,
CYXX,YXX,,Abbotsford ,Abbotsford,Canada,49.0252667,-122.3599556,AirSprint Inc.: A,,,
CYXX-_DEL_,,,Abbotsford OUTDATED,OUTDATED,Canada,49.025278,-122.36,AirSprint Inc.: A,,,
CYXY,YXY,,Whitehorse - Erik Nielsen International,Whitehorse,Canada,60.709444,-135.067222,AirSprint Inc.: A,,,
CYXZ,YXZ,,Wawa,Wawa,Canada,47.9668583,-84.7863194,AirSprint Inc.: B,,,
CYYB,YYB,,North Bay, North Bay,Canada,46.363611,-79.422778,AirSprint Inc.: A,,,
CYYC,YYC,,Calgary International,Calgary,Canada,51.1226139,-114.0133472,AirSprint Inc.: A,Yes,Yes,
CYYD,YYD,,Smithers,Smithers,Canada,54.825278,-127.182778,AirSprint Inc.: A,,,
CYYE,YYE,,Fort Nelson,Fort Nelson,Canada,58.8364,-122.596975,AirSprint Inc.: A,,,
CYYF,YYF,,Penticton,Penticton,Canada,49.463056,-119.602222,AirSprint Inc.: A,,,
CYYG,YYG,,Charlottetown,Charlottetown,Canada,46.2891528,-63.11925,AirSprint Inc.: A,,,
CYYJ,YYJ,,Victoria International,Victoria,Canada,48.648058,-123.427443,AirSprint Inc.: A,,,
CYYL,YYL,,Lynn Lake,Lynn Lake,Canada,56.8643889,-101.0761056,AirSprint Inc.: A,,,
CYYN,YYN,,Swift Current,Swift Current,Canada,50.2925167,-107.6908861,AirSprint Inc.: B,,,
CYYQ,YYQ,,Churchill,Churchill,Canada,58.7390583,-94.0663722,AirSprint Inc.: A,,,
CYYR,YYR,,CFB Goose Bay,Goose Bay,Canada,53.3191667,-60.4258333,AirSprint Inc.: A,,,
CYYT,YYT,,St. John's International,St John's,Canada,47.6186194,-52.7524194,AirSprint Inc.: A,,,
CYYY,YYY,,Mont-Joli,Mont-Joli,Canada,48.609025,-68.2075889,AirSprint Inc.: A,,,
CYYZ,YYZ,,Lester B Pearson International,Toronto ,Canada,43.677222,-79.630556,AirSprint Inc.: A,Yes,Yes,
CYZE,YZE,,Gore Bay-Manitoulin,Gore Bay,Canada,45.8842333,-82.5682806,AirSprint Inc.: A,,,
CYZF,YZF,,Yellowknife,Yellowknife ,Canada,62.4630361,-114.4404,AirSprint Inc.: A,,,
CYZH,YZH,,Slave Lake,Slave Lake,Canada,55.2929222,-114.7772083,AirSprint Inc.: A,,,
CYZP,YZP,,Sandspit,Sandspit,Canada,53.254167,-131.813889,AirSprint Inc.: A,,,
CYZR,YZR,,Sarnia Chris Hadfield,Sarnia,Canada,42.999444,-82.308889,AirSprint Inc.: A,,,
CYZT,YZT,,Port Hardy,Port Hardy,Canada,50.680556,-127.366667,AirSprint Inc.: A,,,
CYZU,YZU,,Whitecourt,Whitecourt,Canada,54.1438472,-115.7867667,AirSprint Inc.: A,,,
CYZV,YZV,,Sept-Îles,Sept-Îles,Canada,50.2233861,-66.2656917,AirSprint Inc.: A,,,
CZAM,YSN,,Salmon Arm, Salmon Arm,Canada,50.6825333,-119.228625,AirSprint Inc.: B,,,
CZBA,,,Burlington Executive ,Burlington ,Canada,43.4414667,-79.8502194,AirSprint Inc.: P,,,
CZBB,YDT,,Vancouver - Boundary Bay,Delta,Canada,49.074167,-123.0075,AirSprint Inc.: A,,,
CZBF,ZBF,,Bathurst,Bathurst,Canada,47.6296111,-65.7389583,AirSprint Inc.: A,,,
CZBM,ZBM,,Roland-Désourdy,Bromont,Canada,45.2909333,-72.741975,AirSprint Inc.: A,,,
CZGF,ZGF,,Grand Forks,Grand Forks,Canada,49.015625,-118.4304611,AirSprint Inc.: B,,,
CZJN,ZJN,,Swan River,Swan River,Canada,52.1214944,-101.2344306,AirSprint Inc.: B,,,
CZML,ZMH,,South Cariboo Regional,108 Mile Ranch,Canada,51.7366,-121.3328889,AirSprint Inc.: A,,,
CZMT,ZMT,,Masset,Masset,Canada,54.027222,-132.125,AirSprint Inc.: A,,,
CZVL,,,Edmonton Villeneuve,Villeneuve,Canada,53.6682417,-113.8522639,AirSprint Inc.: A,,,
EDDG,FMO,,Muenster Osnabrueck,Münster,Germany,52.1346417,7.6848306,AirSprint Inc.: NC,,,Yes
EDDK,CGN,,Cologne Bonn,Koln,Germany,50.8659167,7.1427444,AirSprint Inc.: C,,,Yes
EGAA,BFS,,Belfast Aldergrove,Belfast,United Kingdom,54.6575,-6.2158333,AirSprint Inc.: C,,,Yes
EGGW,LTN,,London Luton,London,United Kingdom,51.8747222,-0.3683333,AirSprint Inc.: C,Yes,Yes,
EGJJ,JER,,Jersey,St Helier,United Kingdom,49.2080556,-2.1955556,AirSprint Inc.: C,,,
EGKB,BQH,,Biggin Hill,London,United Kingdom,51.3308333,0.0325,AirSprint Inc.: C,,,Yes
EGPE,INV,,Inverness,Inverness,United Kingdom,57.5425,-4.0475,AirSprint Inc.: C,,,Yes
EGTE,EXT,,Exeter,Exeter,United Kingdom,50.7341667,-3.4138889,AirSprint Inc.: A,,,Yes
EGWU,NHT,,RAF Northolt,London,United Kingdom,51.5527139,-0.419722,AirSprint Inc.: C,Yes,Yes,Yes
EHAM,AMS,,Amsterdam Schiphol,Amsterdam,Netherlands,52.3080556,4.7641667,AirSprint Inc.: C,Yes,Yes,
EIDW,DUB,,Dublin,Dublin,Ireland,53.4213889,-6.27,AirSprint Inc.: C,Yes,Yes,
EINN,SNN,,Shannon International,Limerick City,Ireland,52.7019444,-8.9247222,AirSprint Inc.: A,,,Yes
EPWR,WRO,,Wroclaw Strachowice,Wroclaw ,Poland,51.1027778,16.8858333,AirSprint Inc.: NC,,,Yes
ESSB,BMA,,Stockholm Bromma,Stockholm,Sweden,59.3544444,17.9422222,AirSprint Inc.: C,Yes,Yes,Yes
KAAO,,AAO,Colonel James Jabara,Wichita,United States,37.747574,-97.221118,AirSprint Inc.: A,,,
KABE,ABE,ABE,Lehigh Valley International,Allentown,United States,40.652363,-75.440406,AirSprint Inc.: A,,,
KABQ,ABQ,ABQ,Albuquerque International Sunport,Albuquerque,United States,35.0389306,-106.6082611,AirSprint Inc.: A,,,
KACK,ACK,ACK,Nantucket Memorial,Nantucket,United States,41.253299,-70.060512,AirSprint Inc.: A,,,
KACY,ACY,ACY,Atlantic City International,Atlantic City,United States,39.457583,-74.577167,AirSprint Inc.: A,,,
KADS,ADS,ADS,Addison,Dallas,United States,32.968556,-96.836444,AirSprint Inc.: A,,,
KAFK,,AFK,Nebraska City Municipal,Nebraska City,United States,40.606528,-95.866667,AirSprint Inc.: A,,,
KAGC,AGC,AGC,Allegheny County,Pittsburgh,United States,40.354438,-79.929047,AirSprint Inc.: A,,,
KAGS,AGS,AGS,Augusta Regional At Bush Field,Augusta,United States,33.369944,-81.9645,AirSprint Inc.: A,,,
KAHN,AHN,AHN,Athens - Ben Epps,Athens,United States,33.94864,-83.325914,AirSprint Inc.: A,,,
KAIK,AIK,AIK,Aiken Regional,Aiken,United States,33.649389,-81.685028,AirSprint Inc.: A,,,
KAIZ,AIZ,AIZ,Lee C. Fine Memorial,Kaiser/lake Ozark,United States,38.096028,-92.549472,AirSprint Inc.: A,,,
KALB,ALB,ALB,Albany International,Albany,United States,42.749116,-73.80198,AirSprint Inc.: A,,,
KALN,ALN,ALN,St Louis Regional,Alton/st Louis,United States,38.889917,-90.046,AirSprint Inc.: A,,,
KALX,ALX,ALX,Thomas C Russell Field,Alexander City,United States,32.91475,-85.962944,AirSprint Inc.: A,,,
KAMA,AMA,AMA,Rick Husband Amarillo International,Amarillo,United States,35.219361,-101.705917,AirSprint Inc.: A,,,
KAMW,AMW,AMW,Ames Municipal,Ames,United States,41.992044,-93.621821,AirSprint Inc.: A,,,
KANE,,ANE,Anoka County - Blaine (Janes Field),Minneapolis,United States,45.144889,-93.210194,AirSprint Inc.: A,,,
KANJ,,ANJ,Sault Ste Marie Municipal - Sanderson Field,Sault Ste Marie,United States,46.479222,-84.368389,AirSprint Inc.: A,,,
KAOH,AOH,AOH,Lima Allen County,Lima,United States,40.707478,-84.027078,AirSprint Inc.: A,,,
KAOO,AOO,AOO,Altoona - Blair County,Altoona,United States,40.296361,-78.320028,AirSprint Inc.: A,,,
KAPA,APA,APA,Centennial,Denver,United States,39.570119,-104.849293,AirSprint Inc.: A,,,
KAPC,APC,APC,Napa County,Napa,United States,38.213189,-122.280687,AirSprint Inc.: A,,,
KAPF,APF,APF,Naples Municipal,Naples,United States,26.152441,-81.775639,AirSprint Inc.: A,,,
KART,ART,ART,Watertown International,Watertown,United States,43.991833,-76.019417,AirSprint Inc.: A,,,
KASE,ASE,ASE,Aspen-Pitkin County - Sardy Field,Aspen,United States,39.221878,-106.868233,AirSprint Inc.: C,,,
KASH,ASH,ASH,Nashua,Nashua,United States,42.782414,-71.514094,AirSprint Inc.: A,,,
KASN,ASN,ASN,Talladega Municipal,Talladega,United States,33.569504,-86.051201,AirSprint Inc.: A,,,
KATL,ATL,ATL,Hartsfield - Jackson Atlanta International,Atlanta,United States,33.6367,-84.427864,AirSprint Inc.: A,,,
KATS,ATS,ATS,Artesia Municipal,Artesia,United States,32.8516111,-104.4671111,AirSprint Inc.: A,,,
KATW,ATW,ATW,Appleton International,Appleton,United States,44.258093,-88.519072,AirSprint Inc.: A,,,
KAUG,AUG,AUG,Augusta State,Augusta,United States,44.320687,-69.797309,AirSprint Inc.: A,,,
KAUS,AUS,AUS,Austin-Bergstrom International,Austin,United States,30.194527,-97.669876,AirSprint Inc.: A,,,
KAUW,AUW,AUW,Wausau Downtown,Wausau,United States,44.926285,-89.627002,AirSprint Inc.: A,,,
KAVL,AVL,AVL,Asheville Regional,Asheville,United States,35.436113,-82.542048,AirSprint Inc.: A,,,
KAVP,AVP,AVP,Wilkes-Barre - Scranton International,Wilkes-Barre/scranton,United States,41.338472,-75.723389,AirSprint Inc.: A,,,
KAVQ,AVW,AVQ,Marana Regional,Marana,United States,32.409556,-111.218389,AirSprint Inc.: A,,,
KAWM,AWM,AWM,West Memphis Municipal,West Memphis,United States,35.135056,-90.234444,AirSprint Inc.: A,,,
KAZO,AZO,AZO,Kalamazoo - Battle Creek International,Kalamazoo,United States,42.234389,-85.551556,AirSprint Inc.: A,,,
KBAZ,,BAZ,New Braunfels National,New Braunfels,United States,29.70575,-98.043222,AirSprint Inc.: A,,,
KBBG,BKG,BBG,Branson,Branson,United States,36.532082,-93.200544,AirSprint Inc.: A,,,
KBCT,BCT,BCT,Boca Raton,Boca Raton,United States,26.378486,-80.107696,AirSprint Inc.: A,,,
KBDH,ILL,BDH,Willmar Municipal - John L Rice Field,Willmar,United States,45.117028,-95.129333,AirSprint Inc.: A,,,
KBDL,BDL,BDL,Bradley International,Windsor Locks,United States,41.939032,-72.684316,AirSprint Inc.: A,,,
KBDN,,BDN,Bend Municipal ,Bend,United States,44.0945556,-121.2002222,AirSprint Inc.: A,,,
KBDR,BDR,BDR,Bridgeport - Sikorsky,Bridgeport,United States,41.163481,-73.126176,AirSprint Inc.: A,,,
KBED,BED,BED,Laurence G Hanscom Field,Bedford,United States,42.469944,-71.289,AirSprint Inc.: A,,,
KBFD,BFD,BFD,Bradford Regional,Bradford,United States,41.802954,-78.639966,AirSprint Inc.: A,,,
KBFF,BFF,BFF,Western Nebraska Regional - William B Heilig Field,Scottsbluff,United States,41.874028,-103.595639,AirSprint Inc.: A,,,
KBFI,BFI,BFI,Boeing Field - King County International,Seattle,United States,47.529972,-122.301944,AirSprint Inc.: A,,,Yes
KBFL,BFL,BFL,Meadows Field,Bakersfield,United States,35.433861,-119.057667,AirSprint Inc.: A,,,
KBFM,BFM,BFM,Mobile International,Mobile,United States,30.626781,-88.068091,AirSprint Inc.: A,,,
KBGM,BGM,BGM,Greater Binghamton - Edwin A Link Field,Binghamton,United States,42.208444,-75.979611,AirSprint Inc.: A,,,
KBGR,BGR,BGR,Bangor International,Bangor,United States,44.807444,-68.828139,AirSprint Inc.: A,,,
KBHM,BHM,BHM,Birmingham-Shuttlesworth International,Birmingham,United States,33.563889,-86.752306,AirSprint Inc.: A,,,
KBIL,BIL,BIL,Billings Logan International,Billings,United States,45.807849,-108.543544,AirSprint Inc.: A,,,
KBIS,BIS,BIS,Bismarck Municipal,Bismarck,United States,46.772734,-100.745738,AirSprint Inc.: A,,,
KBJC,BJC,BJC,Rocky Mountain Metro,Denver,United States,39.908806,-105.117194,AirSprint Inc.: A,,,
KBJI,BJI,BJI,Bemidji Regional,Bemidji,United States,47.510722,-94.934722,AirSprint Inc.: A,,,
KBKL,BKL,BKL,Burke Lakefront,Cleveland,United States,41.517861,-81.682639,AirSprint Inc.: A,,,
KBKV,,BKV,Brooksville-Tampa Bay Regional,Brooksville,United States,28.473611,-82.455417,AirSprint Inc.: A,,,
KBLI,BLI,BLI,Bellingham International,Bellingham,United States,48.792694,-122.537528,AirSprint Inc.: A,,,
KBLM,BLM,BLM,Monmouth Executive,Belmar/farmingdale,United States,40.186778,-74.124556,AirSprint Inc.: A,,,
KBMC,BMC,BMC,Brigham City Regional,Brigham City,United States,41.554306,-112.06225,AirSprint Inc.: A,,,
KBMG,BMG,BMG,Monroe County,Bloomington,United States,39.146021,-86.61668,AirSprint Inc.: A,,,
KBML,BML,BML,Berlin Regional,Berlin,United States,44.575361,-71.175917,AirSprint Inc.: A,,,
KBNA,BNA,BNA,Nashville International,Nashville,United States,36.124475,-86.678181,AirSprint Inc.: A,,,
KBOI,BOI,BOI,Boise Air Trml - Gowen Field,Boise,United States,43.564361,-116.222861,AirSprint Inc.: A,,,
KBOS,BOS,BOS,General Edward Lawrence Logan International,Boston,United States,42.362944,-71.006389,AirSprint Inc.: A,,,Yes
KBOW,BOW,BOW,Bartow Executive,Bartow,United States,27.943361,-81.783417,AirSprint Inc.: A,,,
KBPK,WMH,BPK,Baxter County,Mountain Home,United States,36.368942,-92.47052,AirSprint Inc.: A,,,
KBPT,BPT,BPT,Jack Brooks Regional,Beaumont/port Arthur,United States,29.950831,-94.020699,AirSprint Inc.: A,,,
KBQK,BQK,BQK,Brunswick Golden Isles,Brunswick,United States,31.259035,-81.466316,AirSprint Inc.: A,,,
KBRD,BRD,BRD,Brainerd Lakes Regional,Brainerd,United States,46.404222,-94.133806,AirSprint Inc.: A,,,
KBRL,BRL,BRL,Southeast Iowa Regional,Burlington,United States,40.782972,-91.125583,AirSprint Inc.: A,,,
KBRO,BRO,BRO,Brownsville - South Padre Island International,Brownsville,United States,25.906139,-97.426,AirSprint Inc.: A,,,
KBTL,BTL,BTL,Battle Creek Executive At Kellogg Field,Battle Creek,United States,42.306473,-85.250089,AirSprint Inc.: A,,,
KBTM,BTM,BTM,Bert Mooney,Butte,United States,45.954806,-112.497472,AirSprint Inc.: A,,,
KBTP,BTP,BTP,Pittsburgh - Butler Regional,Butler,United States,40.776583,-79.951083,AirSprint Inc.: A,,,
KBTR,BTR,BTR," Baton Rouge Metro, Ryan Field",Baton Rouge,United States,30.532917,-91.149889,AirSprint Inc.: A,,,Yes
KBTV,BTV,BTV,Patrick Leahy Burlington International,Burlington,United States,44.471955,-73.153276,AirSprint Inc.: A,,,
KBUF,BUF,BUF,Buffalo Niagara International,Buffalo,United States,42.940427,-78.73057,AirSprint Inc.: A,,,
KBUR,BUR,BUR,Bob Hope,Burbank,United States,34.200694,-118.358667,AirSprint Inc.: A,,,
KBUY,,BUY,Burlington - Alamance Regional,Burlington,United States,36.049728,-79.473008,AirSprint Inc.: A,,,
KBVU,BLD,BVU,Boulder City Municipal,Boulder City,United States,35.9473081,-114.8610842,AirSprint Inc.: A,,,
KBVY,BVY,BVY,Beverly Regional,Beverly,United States,42.584139,-70.916139,AirSprint Inc.: A,,,
KBWG,BWG,BWG,Bowling Green-Warren County Regional,Bowling Green,United States,36.964528,-86.419667,AirSprint Inc.: A,,,
KBWI,BWI,BWI,Baltimore - Washington International Thurgood Marshall,Baltimore,United States,39.175728,-76.668991,AirSprint Inc.: A,,,
KBZN,BZN,BZN,Bozeman Yellowstone International,Bozeman,United States,45.777236,-111.15026,AirSprint Inc.: A,,,
KCAE,CAE,CAE,Columbia Metro,Columbia,United States,33.938838,-81.119536,AirSprint Inc.: A,,,
KCAK,CAK,CAK,Akron-Canton Regional,Akron,United States,40.915056,-81.443639,AirSprint Inc.: A,,,
KCCR,CCR,CCR,Buchanan Field,Concord,United States,37.9896667,-122.0568889,AirSprint Inc.: B,,,
KCDC,CDC,CDC,Cedar City Regional,Cedar City,United States,37.70097,-113.098851,AirSprint Inc.: A,,,
KCDW,CDW,CDW,Essex County  ,Caldwell,United States,40.875225,-74.28135,AirSprint Inc.: B,,,
KCEF,CEF,CEF,Westover Arb - Metro,Springfield/chicopee,United States,42.194016,-72.534787,AirSprint Inc.: A,,,
KCEY,CEY,CEY, Kyle-Oakley Field,Murray,United States,36.664581,-88.372776,AirSprint Inc.: A,,,
KCHA,CHA,CHA,Lovell Field,Chattanooga,United States,35.035194,-85.203556,AirSprint Inc.: A,,,
KCHD,,CHD,Chandler Municipal,Chandler,United States,33.269096,-111.811121,AirSprint Inc.: A,,,
KCHN,,CHN,Wauchula Municipal,Wauchula,United States,27.514917,-81.880472,AirSprint Inc.: B,,,
KCHO,CHO,CHO,Charlottesville–Albemarle ,Charlottesville,United States,38.139643,-78.452344,AirSprint Inc.: A,,,
KCHS,CHS,CHS,Charleston AFB - International,Charleston,United States,32.898639,-80.040528,AirSprint Inc.: A,,,
KCID,CID,CID,The Eastern Iowa  ,Cedar Rapids,United States,41.884694,-91.710806,AirSprint Inc.: A,,,
KCIN,CIN,CIN,Arthur N. Neu,Carroll,United States,42.046667,-94.788694,AirSprint Inc.: A,,,
KCIU,CIU,CIU,Chippewa County International,Sault Ste Marie,United States,46.250752,-84.472384,AirSprint Inc.: A,,,
KCJR,,CJR,Culpeper Regional,Culpeper,United States,38.525472,-77.859639,AirSprint Inc.: A,,,
KCKB,CKB,CKB,North Central West Virginia,Clarksburg,United States,39.297655,-80.227532,AirSprint Inc.: A,,,
KCKC,GRM,CKC,Grand Marais - Cook County,Grand Marais,United States,47.838432,-90.384578,AirSprint Inc.: A,,,
KCKV,CKV,CKV," 	Outlaw Field",Clarksville,United States,36.621861,-87.414944,AirSprint Inc.: A,,,
KCLE,CLE,CLE,Cleveland-Hopkins International,Cleveland,United States,41.409407,-81.854691,AirSprint Inc.: A,,,
KCLL,CLL,CLL,Easterwood Field,College Station,United States,30.588042,-96.362544,AirSprint Inc.: A,,,
KCLM,CLM,CLM,William R Fairchild International,Port Angeles,United States,48.120194,-123.499694,AirSprint Inc.: A,,,
KCLT,CLT,CLT,Charlotte - Douglas International,Charlotte,United States,35.21375,-80.949056,AirSprint Inc.: A,,,
KCMA,,CMA,Camarillo,Camarillo,United States,34.213758,-119.094354,AirSprint Inc.: A,,,
KCMH,CMH,CMH,John Glenn Columbus International,Columbus,United States,39.996947,-82.892159,AirSprint Inc.: A,,,
KCMI,CMI,CMI,University Of Illinois - Willard,Champaign/urbana,United States,40.038561,-88.276539,AirSprint Inc.: A,,,
KCNY,CNY,CNY,Canyonlands Regional,Moab,United States,38.757631,-109.753463,AirSprint Inc.: A,,,
KCOE,COE,COE, Coeur d'Alene Pappy Boyington Field,Coeur D'alene,United States,47.774306,-116.819583,AirSprint Inc.: A,,,
KCON,CON,CON,Concord Municipal,Concord,United States,43.202722,-71.502278,AirSprint Inc.: A,,,
KCOS,COS,COS,City Of Colorado Springs Municipal,Colorado Springs,United States,38.805817,-104.700776,AirSprint Inc.: A,,,
KCOU,COU,COU,Columbia Regional,Columbia,United States,38.817735,-92.217792,AirSprint Inc.: A,,,
KCPR,CPR,CPR,Casper - Natrona County International,Casper,United States,42.905861,-106.463639,AirSprint Inc.: A,,,
KCPS,CPS,CPS,St. Louis Downtown,Cahokia/st Louis,United States,38.570361,-90.155083,AirSprint Inc.: A,,,
KCQF,QTQ,CQF,H L Sonny Callahan,Fairhope,United States,30.4605,-87.877028,AirSprint Inc.: A,,,
KCRE,CRE,CRE,Grand Strand ,North Myrtle Beach,United States,33.81175,-78.723944,AirSprint Inc.: A,,,
KCRG,CRG,CRG,Jacksonville Executive at Craig,Jacksonville,United States,30.336333,-81.514444,AirSprint Inc.: B,,,
KCRP,CRP,CRP,Corpus Christi International,Corpus Christi,United States,27.772194,-97.502417,AirSprint Inc.: A,,,
KCRQ,CLD,CRQ,McClellan–Palomar,Carlsbad,United States,33.12825,-117.2800833,AirSprint Inc.: A,,,
KCRW,CRW,CRW,West Virginia International Yeager,Charleston,United States,38.376013,-81.592894,AirSprint Inc.: A,,,
KCTB,CTB,CTB,Cut Bank International,Cut Bank,United States,48.608355,-112.376151,AirSprint Inc.: A,,,
KCVB,,CVB,Castroville Municipal,Castroville,United States,29.342389,-98.851222,AirSprint Inc.: A,,,
KCVG,CVG,CVG,Cincinnati - Northern Kentucky International,Covington,United States,39.048838,-84.667821,AirSprint Inc.: A,,,
KCVO,CVO,CVO,Corvallis Municipal  ,Corvallis,United States,44.4971111,-123.2895278,AirSprint Inc.: A,,,
KCVX,,CVX,Charlevoix Municipal,Charlevoix,United States,45.304861,-85.275306,AirSprint Inc.: A,,,
KCWA,CWA,CWA,Central Wisconsin,Mosinee,United States,44.777783,-89.665911,AirSprint Inc.: A,,,
KCXP,CSN,CXP,Carson,Carson City,United States,39.1923056,-119.7325833,AirSprint Inc.: A,,,
KCXU,,CXU,Camilla-Mitchell County,Camilla,United States,31.213167,-84.235222,AirSprint Inc.: A,,,
KCYS,CYS,CYS,Cheyenne Regional - Jerry Olson Field,Cheyenne,United States,41.155639,-104.810472,AirSprint Inc.: A,,,
KDAB,DAB,DAB,Daytona Beach International,Daytona Beach,United States,29.179909,-81.058042,AirSprint Inc.: A,,,
KDAL,DAL,DAL,Dallas Love Field,Dallas,United States,32.845945,-96.850877,AirSprint Inc.: A,,,
KDAN,DAN,DAN,Danville Regional,Danville,United States,36.572472,-79.33625,AirSprint Inc.: A,,,
KDAY,DAY,DAY,James M Cox Dayton International,Dayton,United States,39.902252,-84.219412,AirSprint Inc.: A,,,
KDCU,DCU,DCU,Pryor Field Regional,Decatur,United States,34.654056,-86.945361,AirSprint Inc.: A,,,
KDEN,DEN,DEN,Denver International,Denver,United States,39.861667,-104.673167,AirSprint Inc.: A,,,
KDET,DET,DET,Coleman A Young Municipal,Detroit,United States,42.409327,-83.010174,AirSprint Inc.: A,,,
KDFW,DFW,DFW,Dallas-Fort Worth International,Dallas-Fort Worth,United States,32.897233,-97.037695,AirSprint Inc.: A,,,
KDHN,DHN,DHN,Dothan Regional,Dothan,United States,31.321028,-85.449472,AirSprint Inc.: A,,,
KDHT,DHT,DHT,Dalhart Municipal,Dalhart,United States,36.022472,-102.547389,AirSprint Inc.: A,,,
KDIJ,,DIJ,Driggs - Reed Memorial,Driggs,United States,43.742694,-111.096778,AirSprint Inc.: A,,,
KDIK,DIK,DIK,Dickinson - Theodore Roosevelt Regional,Dickinson,United States,46.800474,-102.804435,AirSprint Inc.: A,,,
KDKK,DKK,DKK,Chautauqua County - Dunkirk,Dunkirk,United States,42.493944,-79.271111,AirSprint Inc.: A,,,
KDLH,DLH,DLH,Duluth International,Duluth,United States,46.84207,-92.193237,AirSprint Inc.: A,,,
KDLN,DLN,DLN,Dillon  ,Dillon,United States,45.255361,-112.5525,AirSprint Inc.: A,,,
KDLS,DLS,DLS,Columbia Gorge Regional - The Dalles Municipal,The Dalles,United States,45.619355,-121.168276,AirSprint Inc.: A,,,
KDLZ,,DLZ,Delaware Municipal - Jim Moore Field,Delaware,United States,40.279542,-83.113384,AirSprint Inc.: A,,,
KDNN,DNN,DNN,Dalton Municipal,Dalton,United States,34.722939,-84.870241,AirSprint Inc.: A,,,
KDPA,DPA,DPA,DuPage,Chicago/west Chicago,United States,41.907053,-88.247995,AirSprint Inc.: A,,,
KDRO,DRO,DRO,Durango–La Plata County,Durango,United States,37.151528,-107.753778,AirSprint Inc.: A,,,
KDSM,DSM,DSM,Des Moines International,Des Moines,United States,41.533043,-93.665575,AirSprint Inc.: A,,,
KDTS,DSI,DTS,Destin Executive  ,Destin,United States,30.400055,-86.471472,AirSprint Inc.: A,,,
KDTW,DTW,DTW,Detroit Metro Wayne County,Detroit,United States,42.212431,-83.353393,AirSprint Inc.: A,,,
KDVT,DVT,DVT,Phoenix Deer Valley,Phoenix,United States,33.688306,-112.082556,AirSprint Inc.: A,,,
KDXR,DXR,DXR,Danbury Municipal,Danbury,United States,41.371534,-73.482189,AirSprint Inc.: B,,,
KEAT,EAT,EAT,Pangborn Memorial,Wenatchee,United States,47.398806,-120.206833,AirSprint Inc.: A,,,
KECP,ECP,ECP,Northwest Florida Beaches International,Panama City,United States,30.358241,-85.795602,AirSprint Inc.: A,,,
KEDC,,EDC,Austin Executive,Austin,United States,30.397493,-97.566393,AirSprint Inc.: A,,,
KEEN,EEN,EEN,Dillant - Hopkins,Keene,United States,42.898389,-72.270778,AirSprint Inc.: A,,,
KEFD,EFD,EFD,Ellington ,Houston,United States,29.607333,-95.15875,AirSprint Inc.: A,,,
KEFK,EFK,EFK,Northeast Kingdom International,Newport,United States,44.888176,-72.228635,AirSprint Inc.: A,,,
KEGE,EGE,EGE,Eagle County Regional,Eagle,United States,39.64275,-106.915944,AirSprint Inc.: C,,,
KEKO,EKO,EKO,Elko Regional,Elko,United States,40.824999,-115.791338,AirSprint Inc.: A,,,
KEKX,EKX,EKX,Addington Field,Elizabethtown,United States,37.686,-85.925028,AirSprint Inc.: A,,,
KELM,ELM,ELM,Elmira - Corning Regional,Elmira/corning,United States,42.159856,-76.891746,AirSprint Inc.: A,,,
KELP,ELP,ELP,El Paso International,El Paso,United States,31.807333,-106.376361,AirSprint Inc.: A,,,
KEPH,EPH,EPH,Ephrata Municipal,Ephrata,United States,47.308072,-119.516914,AirSprint Inc.: A,,,
KERI,ERI,ERI,Erie International - Tom Ridge Field,Erie,United States,42.083083,-80.173944,AirSprint Inc.: A,,,
KERV,ERV,ERV,Kerrville Municipal - Louis Schreiner Field,Kerrville,United States,29.976667,-99.085472,AirSprint Inc.: A,,,
KEUG,EUG,EUG,Mahlon Sweet Field ,Eugene,United States,44.1245833,-123.2119722,AirSprint Inc.: A,,,
KEVB,,EVB,New Smyrna Beach Municipal,New Smyrna Beach,United States,29.055694,-80.948917,AirSprint Inc.: A,,,
KEVV,EVV,EVV,Evansville Regional,Evansville,United States,38.040806,-87.5285,AirSprint Inc.: A,,,
KEWB,EWB,EWB,New Bedford Regional,New Bedford,United States,41.676566,-70.957836,AirSprint Inc.: A,,,
KEWR,EWR,EWR,Newark Liberty International,Newark,United States,40.6924778,-74.1686861,AirSprint Inc.: A,Yes,,
KEYW,EYW,EYW,Key West International,Key West,United States,24.55612,-81.759956,AirSprint Inc.: A,,,
KFAR,FAR,FAR,Hector International,Fargo,United States,46.920639,-96.81575,AirSprint Inc.: A,,,
KFAT,FAT,FAT,Fresno Yosemite International,Fresno,United States,36.7765556,-119.7188333,AirSprint Inc.: A,,,
KFAY,FAY,FAY,Fayetteville Regional - Grannis Field,Fayetteville,United States,34.991211,-78.880274,AirSprint Inc.: A,,,
KFCI,,FCI,Richmond Executive - Chesterfield County,Richmond,United States,37.406444,-77.524833,AirSprint Inc.: NC,,,
KFCM,FCM,FCM,Flying Cloud  ,Minneapolis,United States,44.827507,-93.458572,AirSprint Inc.: A,,,
KFET,FET,FET,Fremont Municipal,Fremont,United States,41.449944,-96.521194,AirSprint Inc.: A,,,
KFFC,,FFC,Atlanta Regional Falcon Field,Atlanta,United States,33.357722,-84.572528,AirSprint Inc.: A,,,
KFFZ,MSC,FFZ,Falcon Field,Mesa,United States,33.460841,-111.728325,AirSprint Inc.: A,,,
KFHB,,FHB,Fernandina Beach Municipal,Fernandina Beach,United States,30.611833,-81.461194,AirSprint Inc.: A,,,
KFKS,,FKS,Frankfort Dow Memorial Field,Frankfort,United States,44.625202,-86.200855,AirSprint Inc.: B,,,
KFLD,FLD,FLD,Fond du Lac County,Fond Du Lac,United States,43.771167,-88.488417,AirSprint Inc.: A,,,
KFLG,FLG,FLG,Flagstaff Pulliam,Flagstaff,United States,35.140316,-111.669241,AirSprint Inc.: A,,,
KFLL,FLL,FLL,Fort Lauderdale - Hollywood International,Fort Lauderdale,United States,26.071667,-80.149694,AirSprint Inc.: A,,,
KFLO,FLO,FLO,Florence Regional,Florence,United States,34.185363,-79.723883,AirSprint Inc.: A,,,
KFMY,FMY,FMY,Page Field,Fort Myers,United States,26.586615,-81.863247,AirSprint Inc.: A,,,
KFNL,FNL,FNL,Northern Colorado Regional,Fort Collins/loveland,United States,40.451816,-105.011326,AirSprint Inc.: A,,,
KFNT,FNT,FNT,Bishop International,Flint,United States,42.965464,-83.744738,AirSprint Inc.: A,,,
KFOK,FOK,FOK,Francis S. Gabreski,Westhampton Beach,United States,40.843619,-72.631812,AirSprint Inc.: A,,,
KFPR,FPR,FPR,Treasure Coast International,Fort Pierce,United States,27.497472,-80.372639,AirSprint Inc.: A,,,
KFRG,FRG,FRG,Republic,Farmingdale,United States,40.729274,-73.413421,AirSprint Inc.: A,,,
KFRH,FRH,FRH,French Lick Municipal,French Lick,United States,38.506222,-86.636944,AirSprint Inc.: A,,,
KFSD,FSD,FSD,Joe Foss Field ,Sioux Falls,United States,43.582018,-96.741925,AirSprint Inc.: A,,,
KFSM,FSM,FSM,Fort Smith Regional,Fort Smith,United States,35.336646,-94.366109,AirSprint Inc.: A,,,
KFTW,FTW,FTW,Fort Worth Meacham International,Fort Worth,United States,32.81977,-97.36245,AirSprint Inc.: A,,,
KFTY,FTY,FTY,Fulton County Executive - Charlie Brown Field,Atlanta,United States,33.779126,-84.521366,AirSprint Inc.: A,,,
KFWA,FWA,FWA,Fort Wayne International,Fort Wayne,United States,40.978472,-85.195167,AirSprint Inc.: A,,,
KFXE,FXE,FXE,Fort Lauderdale Executive,Fort Lauderdale,United States,26.197279,-80.170706,AirSprint Inc.: A,,,
KFYG,,FYG,Washington Regional,Washington,United States,38.587583,-90.993806,AirSprint Inc.: A,,,
KGAD,GAD,GAD,Northeast Alabama Regional,Gadsden,United States,33.972649,-86.089083,AirSprint Inc.: A,,,
KGCC,GCC,GCC,Northeast Wyoming Regional,Gillette,United States,44.348908,-105.539368,AirSprint Inc.: A,,,
KGCM,,GCM,Claremore Regional,Claremore,United States,36.292722,-95.479611,AirSprint Inc.: A,,,
KGED,GED,GED,Delaware Coastal,Georgetown,United States,38.687633,-75.359304,AirSprint Inc.: A,,,
KGEG,GEG,GEG,Spokane International,Spokane,United States,47.619028,-117.535222,AirSprint Inc.: A,,,
KGEU,,GEU,Glendale Municipal,Glendale,United States,33.526917,-112.295139,AirSprint Inc.: A,,,
KGFK,GFK,GFK,Grand Forks International,Grand Forks,United States,47.947278,-97.173778,AirSprint Inc.: A,,,
KGFL,GFL,GFL,Floyd Bennett Memorial,Glens Falls,United States,43.341222,-73.610306,AirSprint Inc.: A,,,
KGGE,GGE,GGE,Georgetown County  ,Georgetown,United States,33.311417,-79.320306,AirSprint Inc.: A,,,
KGGG,GGG,GGG,East Texas Regional,Longview,United States,32.384,-94.7115,AirSprint Inc.: A,,,
KGJT,GJT,GJT,Grand Junction Regional,Grand Junction,United States,39.122417,-108.52675,AirSprint Inc.: A,,,
KGKT,GKT,GKT,Gatlinburg–Pigeon Forge ,Sevierville,United States,35.857759,-83.528703,AirSprint Inc.: A,,,
KGKY,,GKY,Arlington Municipal,Arlington,United States,32.663861,-97.094278,AirSprint Inc.: A,,,
KGLS,GLS,GLS,Scholes International At Galveston,Galveston,United States,29.265333,-94.860417,AirSprint Inc.: A,,,
KGMU,GMU,GMU,Greenville Downtown,Greenville,United States,34.847944,-82.35,AirSprint Inc.: A,,,
KGNT,GNT,GNT,Grants-Milan Municipal  ,Grants,United States,35.1672778,-107.9020556,AirSprint Inc.: A,,,
KGNV,GNV,GNV,Gainesville Regional,Gainesville,United States,29.690056,-82.271778,AirSprint Inc.: A,,,
KGON,GON,GON,Groton–New London,Groton (new London),United States,41.330056,-72.045139,AirSprint Inc.: A,,,
KGPI,FCA,GPI,Glacier Park International,Kalispell,United States,48.3105,-114.256,AirSprint Inc.: A,,,
KGPT,GPT,GPT,Gulfport-Biloxi International,Gulfport,United States,30.407269,-89.070096,AirSprint Inc.: A,,,
KGRB,GRB,GRB,Green Bay - Austin Straubel International,Green Bay,United States,44.484634,-88.129713,AirSprint Inc.: A,,,
KGRD,GRD,GRD,Greenwood County  ,Greenwood,United States,34.250394,-82.157809,AirSprint Inc.: A,,,
KGRR,GRR,GRR,Gerald R Ford International,Grand Rapids,United States,42.880833,-85.522806,AirSprint Inc.: A,,,
KGSO,GSO,GSO,Piedmont Triad International,Greensboro,United States,36.101327,-79.941123,AirSprint Inc.: A,,,
KGSP,GSP,GSP,Greenville Spartanburg International,Greer,United States,34.895671,-82.218859,AirSprint Inc.: A,,,
KGTF,GTF,GTF,Great Falls International,Great Falls,United States,47.482299,-111.370279,AirSprint Inc.: A,,,
KGUP,GUP,GUP,Gallup Municipal  ,Gallup,United States,35.5110583,-108.7893083,AirSprint Inc.: A,,,
KGVQ,,GVQ,Genesee County  ,Batavia,United States,43.03175,-78.169667,AirSprint Inc.: A,,,
KGYR,GYR,GYR,Phoenix Goodyear  ,Goodyear,United States,33.423278,-112.375361,AirSprint Inc.: A,,,
KGYY,GYY,GYY,Gary - Chicago International,Gary,United States,41.61725,-87.414528,AirSprint Inc.: A,,,
KHAB,HAB,HAB,Marion County Rankin Fite,Hamilton,United States,34.116944,-87.998222,AirSprint Inc.: A,,,
KHAO,HAO,HAO,Butler County Regional - Hogan Field,Hamilton,United States,39.36375,-84.521944,AirSprint Inc.: NC,,,
KHCR,,HCR,Heber Valley,Heber,United States,40.481806,-111.428806,AirSprint Inc.: A,,,
KHDC,,HDC,Hammond Northshore Regional,Hammond,United States,30.521688,-90.41838,AirSprint Inc.: A,,,
KHDN,HDN,HDN,Yampa Valley,Hayden,United States,40.481194,-107.217667,AirSprint Inc.: A,,,
KHEF,MNZ,HEF,Manassas Regional - Harry P Davis Field,Manassas,United States,38.721023,-77.515101,AirSprint Inc.: A,,,
KHFD,HFD,HFD,Hartford–Brainard  ,Hartford,United States,41.736722,-72.649444,AirSprint Inc.: A,,,
KHGR,HGR,HGR,Hagerstown Regional - Richard A Henson Field,Hagerstown,United States,39.7085,-77.7265,AirSprint Inc.: A,,,
KHHR,HHR,HHR,Jack Northrop Field Hawthorne Municipal,Hawthorne,United States,33.9269444,-118.3363889,AirSprint Inc.: B,,,
KHIB,HIB,HIB,Range Regional,Hibbing,United States,47.386575,-92.838978,AirSprint Inc.: A,,,
KHII,HII,HII,Lake Havasu City  ,Lake Havasu City,United States,34.571124,-114.358277,AirSprint Inc.: A,,,
KHLG,HLG,HLG,Wheeling Ohio County,Wheeling,United States,40.175011,-80.646268,AirSprint Inc.: B,,,
KHLN,HLN,HLN,Helena Regional,Helena,United States,46.606722,-111.983278,AirSprint Inc.: A,,,
KHND,HSH,HND,Henderson Executive,Las Vegas,United States,35.972855,-115.134385,AirSprint Inc.: A,,,Yes
KHOB,HOB,HOB,Lea County Regional,Hobbs,United States,32.6875,-103.2173333,AirSprint Inc.: A,,,
KHOU,HOU,HOU,William P. Hobby,Houston,United States,29.6458,-95.277232,AirSprint Inc.: A,,,
KHPN,HPN,HPN,Westchester County,White Plains,United States,41.066953,-73.707566,AirSprint Inc.: A,,,
KHQU,,HQU,Thomson-McDuffie County,Thomson,United States,33.529722,-82.516944,AirSprint Inc.: A,,,
KHQZ,,HQZ,Mesquite Metropolitan ,Mesquite,United States,32.746963,-96.530417,AirSprint Inc.: A,,,
KHRL,HRL,HRL,Valley International,Harlingen,United States,26.227111,-97.655139,AirSprint Inc.: A,,,
KHRO,HRO,HRO,Boone County  ,Harrison,United States,36.261521,-93.154729,AirSprint Inc.: A,,,
KHSV,HSV,HSV,Huntsville International-Carl T Jones Field,Huntsville,United States,34.637197,-86.775054,AirSprint Inc.: A,,,
KHTS,HTS,HTS,Tri-State - Milton J Ferguson Field,Huntington,United States,38.368508,-82.56036,AirSprint Inc.: A,,,
KHUL,HUL,HUL,Houlton International,Houlton,United States,46.124607,-67.79236,AirSprint Inc.: A,,,
KHUT,HUT,HUT,Hutchinson Regional,Hutchinson,United States,38.066155,-97.86049,AirSprint Inc.: A,,,
KHVN,HVN,HVN,Tweed - New Haven,New Haven,United States,41.263725,-72.887729,AirSprint Inc.: A,,,
KHWD,HWD,HWD,Hayward Executive  ,Hayward,United States,37.658929,-122.121737,AirSprint Inc.: A,,,
KHXD,HHH,HXD,Hilton Head,Hilton Head Island,United States,32.224495,-80.697401,AirSprint Inc.: A,,,
KHYA,HYA,HYA,Cape Cod Gateway,Hyannis,United States,41.669337,-70.280359,AirSprint Inc.: A,,,
KHYI,,HYI,San Marcos Regional,Austin,United States,29.89275,-97.863,AirSprint Inc.: A,,,
KIAD,IAD,IAD,Washington Dulles International,Washington,United States,38.947444,-77.459944,AirSprint Inc.: A,,,
KIAG,IAG,IAG,Niagara Falls International,Niagara Falls,United States,43.107557,-78.945847,AirSprint Inc.: A,,,
KIAH,IAH,IAH,George Bush Intcntl - Houston,Houston,United States,29.984435,-95.341443,AirSprint Inc.: A,,,
KICT,ICT,ICT,Wichita Dwight D. Eisenhower National,Wichita,United States,37.649952,-97.433043,AirSprint Inc.: A,,,
KIDA,IDA,IDA,Idaho Falls Regional,Idaho Falls,United States,43.513673,-112.07082,AirSprint Inc.: A,,,
KIFP,IFP,IFP,Laughlin - Bullhead International,Bullhead City,United States,35.154614,-114.559332,AirSprint Inc.: A,,,
KILG,ILG,ILG, New Castle  ,Wilmington,United States,39.67871,-75.606635,AirSprint Inc.: A,,,
KILM,ILM,ILM,Wilmington International,Wilmington,United States,34.271139,-77.902889,AirSprint Inc.: A,,,
KILN,ILN,ILN,Wilmington Air Park,Wilmington,United States,39.427917,-83.792111,AirSprint Inc.: A,,,Yes
KIND,IND,IND,Indianapolis International,Indianapolis,United States,39.717306,-86.294639,AirSprint Inc.: A,,,
KINL,INL,INL,Falls International - Einarson Field,International Falls,United States,48.565588,-93.402179,AirSprint Inc.: A,,,
KINT,INT,INT,Smith Reynolds,Winston Salem,United States,36.133714,-80.221988,AirSprint Inc.: A,,,
KIOW,IOW,IOW,Iowa City Municipal,Iowa City,United States,41.639778,-91.548139,AirSprint Inc.: A,,,
KIPT,IPT,IPT,Williamsport Regional,Williamsport,United States,41.241667,-76.921806,AirSprint Inc.: A,,,
KIRS,IRS,IRS,Kirsch Municipal,Sturgis,United States,41.813288,-85.438961,AirSprint Inc.: A,,,
KISM,ISM,ISM,Kissimmee Gateway  ,Orlando,United States,28.289807,-81.437081,AirSprint Inc.: A,,,
KISP,ISP,ISP,Long Island MacArthur,New York,United States,40.796136,-73.100665,AirSprint Inc.: A,,,
KISW,ISW,ISW,Alexander Field South Wood County ,Wisconsin Rapids,United States,44.360355,-89.839039,AirSprint Inc.: A,,,
KITH,ITH,ITH,Ithaca Tompkins International,Ithaca,United States,42.491361,-76.458722,AirSprint Inc.: A,,,
KIWA,AZA,IWA,Phoenix–Mesa Gateway,Phoenix,United States,33.307824,-111.655459,AirSprint Inc.: A,,,
KIWS,IWS,IWS,West Houston,Houston,United States,29.818194,-95.672611,AirSprint Inc.: B,,,
KJAC,JAC,JAC,Jackson Hole,Jackson,United States,43.607333,-110.73775,AirSprint Inc.: A,,,
KJAN,JAN,JAN,Jackson-Medgar Wiley Evers International,Jackson,United States,32.311167,-90.075889,AirSprint Inc.: A,,,
KJAX,JAX,JAX,Jacksonville International,Jacksonville,United States,30.494046,-81.687847,AirSprint Inc.: A,,,Yes
KJEF,JEF,JEF,Jefferson City Memorial  ,Jefferson City,United States,38.591174,-92.156145,AirSprint Inc.: A,,,
KJFK,JFK,JFK,John F Kennedy International,New York,United States,40.639928,-73.778692,AirSprint Inc.: A,Yes,,
KJHW,JHW,JHW,Chautauqua County - Jamestown,Jamestown,United States,42.153394,-79.258023,AirSprint Inc.: A,,,
KJKA,GUF,JKA,Gulf Shores International - Jack Edwards Field,Gulf Shores,United States,30.289639,-87.671778,AirSprint Inc.: A,,,
KJPX,HTO,JPX,East Hampton Town,East Hampton,United States,40.959417,-72.251667,AirSprint Inc.: B,,,
KJST,JST,JST,John Murtha Johnstown - Cambria County,Johnstown,United States,40.315556,-78.834667,AirSprint Inc.: A,,,
KJVY,,JVY,Clark Regional,Jeffersonville,United States,38.366618,-85.738145,AirSprint Inc.: A,,,
KJWN,,JWN,John C. Tune,Nashville,United States,36.183022,-86.886495,AirSprint Inc.: A,,,
KJYM,,JYM,Hillsdale Municipal,Hillsdale,United States,41.921303,-84.586699,AirSprint Inc.: A,,,
KJZI,,JZI,Charleston Executive  ,Charleston,United States,32.701028,-80.00325,AirSprint Inc.: A,,,
KJZP,,JZP,Pickens County ,Jasper,United States,34.453472,-84.457222,AirSprint Inc.: A,,,
KLAL,LAL,LAL,Lakeland Linder International,Lakeland,United States,27.987639,-82.019,AirSprint Inc.: A,,,
KLAN,LAN,LAN,Capital Region International,Lansing,United States,42.778639,-84.586194,AirSprint Inc.: A,,,
KLAS,LAS,LAS,Harry Reid International,Las Vegas,United States,36.0800439,-115.1522361,AirSprint Inc.: A,Yes,Yes,Yes
KLAX,LAX,LAX,Los Angeles International,Los Angeles,United States,33.942496,-118.408049,AirSprint Inc.: A,,,Yes
KLBB,LBB,LBB,Lubbock Preston Smith International,Lubbock,United States,33.663667,-101.820556,AirSprint Inc.: A,,,
KLBO,,LBO,Floyd W Jones Lebanon,Lebanon,United States,37.648322,-92.652431,AirSprint Inc.: A,,,
KLCI,LCI,LCI,Laconia Municipal,Laconia,United States,43.573042,-71.417842,AirSprint Inc.: A,,,
KLCK,LCK,LCK,Rickenbacker International,Columbus,United States,39.813788,-82.927816,AirSprint Inc.: A,,,
KLEB,LEB,LEB,Lebanon Municipal,Lebanon,United States,43.626111,-72.304194,AirSprint Inc.: A,,,
KLEE,LEE,LEE,Leesburg International,Leesburg,United States,28.822898,-81.808418,AirSprint Inc.: A,,,
KLEX,LEX,LEX,Blue Grass,Lexington,United States,38.03675,-84.608639,AirSprint Inc.: A,,,
KLGA,LGA,LGA,LaGuardia,New York,United States,40.77725,-73.872611,AirSprint Inc.: A,Yes,Yes,
KLGB,LGB,LGB,Long Beach (Daugherty Field),Long Beach,United States,33.81793,-118.151891,AirSprint Inc.: A,,,
KLHQ,,LHQ,Fairfield County,Lancaster,United States,39.755639,-82.657096,AirSprint Inc.: A,,,
KLIT,LIT,LIT,Bill And Hillary Clinton National - Adams Field,Little Rock,United States,34.729441,-92.224777,AirSprint Inc.: A,,,
KLLQ,,LLQ,Monticello Municipal - Ellis Field,Monticello,United States,33.638556,-91.751,AirSprint Inc.: A,,,
KLMS,LMS,LMS,Louisville - Winston County,Louisville,United States,33.145988,-89.062448,AirSprint Inc.: A,,,
KLNK,LNK,LNK,Lincoln,Lincoln,United States,40.850891,-96.759121,AirSprint Inc.: A,,,
KLNS,LNS,LNS,Lancaster,Lancaster,United States,40.122361,-76.294361,AirSprint Inc.: A,,,
KLOL,LOL,LOL,Derby Field,Lovelock,United States,40.066467,-118.565086,AirSprint Inc.: A,,,
KLRD,LRD,LRD,Laredo International,Laredo,United States,27.544194,-99.461583,AirSprint Inc.: A,,,
KLRU,LRU,LRU,Las Cruces International  ,Las Cruces,United States,32.2894167,-106.9219722,AirSprint Inc.: A,,,
KLSE,LSE,LSE,La Crosse Regional,La Crosse,United States,43.879266,-91.256634,AirSprint Inc.: A,,,
KLUK,LUK,LUK,Cincinnati Municipal - Lunken Field,Cincinnati,United States,39.103333,-84.418611,AirSprint Inc.: A,,,
KLVK,LVK,LVK,Livermore Municipal,Livermore,United States,37.693389,-121.820361,AirSprint Inc.: A,,,
KLVM,LVM,LVM,Mission Field,Livingston,United States,45.699417,-110.448028,AirSprint Inc.: A,,,
KLWB,LWB,LWB,Greenbrier Valley  ,Lewisburg,United States,37.858307,-80.399482,AirSprint Inc.: A,,,
KLYH,LYH,LYH,Lynchburg Regional - Preston Glenn Field,Lynchburg,United States,37.325389,-79.201222,AirSprint Inc.: A,,,
KLZU,LZU,LZU, Gwinnett County Briscoe Field,Lawrenceville,United States,33.978092,-83.962364,AirSprint Inc.: A,,,
KMAF,MAF,MAF,Midland International Air And Space Port,Midland,United States,31.942528,-102.201917,AirSprint Inc.: A,,,
KMBL,MBL,MBL,Manistee County - Blacker,Manistee,United States,44.272465,-86.246901,AirSprint Inc.: A,,,
KMBS,MBS,MBS,Mbs International,Saginaw,United States,43.532927,-84.079636,AirSprint Inc.: A,,,
KMCI,MCI,MCI,Kansas City International,Kansas City,United States,39.297611,-94.713889,AirSprint Inc.: A,,,
KMCN,MCN,MCN,Middle Georgia Regional,Macon,United States,32.692833,-83.649222,AirSprint Inc.: A,,,
KMCO,MCO,MCO,Orlando International,Orlando,United States,28.429389,-81.309,AirSprint Inc.: A,,,Yes
KMCW,MCW,MCW,Mason City Municipal,Mason City,United States,43.157806,-93.33125,AirSprint Inc.: A,,,
KMDT,MDT,MDT,Harrisburg International,Harrisburg,United States,40.193192,-76.762619,AirSprint Inc.: A,,,
KMDW,MDW,MDW,Chicago Midway International,Chicago,United States,41.785972,-87.752417,AirSprint Inc.: A,,,
KMEM,MEM,MEM,Memphis International,Memphis,United States,35.042411,-89.976679,AirSprint Inc.: A,,,
KMFR,MFR,MFR,Rogue Valley International–Medford,Medford,United States,42.3742222,-122.8735,AirSprint Inc.: A,,,
KMGW,MGW,MGW,Morgantown Municipal - Walter L Bill Hart Field,Morgantown,United States,39.643595,-79.917547,AirSprint Inc.: A,,,
KMHP,,MHP,John Edwin Jones Sr Field - Metter Municipal,Metter,United States,32.373972,-82.081444,AirSprint Inc.: A,,,
KMHR,MHR,MHR,Sacramento Mather,Sacramento,United States,38.555311,-121.297211,AirSprint Inc.: A,,,
KMHT,MHT,MHT,Manchester Boston Regional,Manchester,United States,42.932806,-71.43575,AirSprint Inc.: A,,,
KMIA,MIA,MIA,Miami International,Miami,United States,25.795361,-80.290116,AirSprint Inc.: A,,,
KMKC,MKC,MKC,Charles B. Wheeler Downtown,Kansas City,United States,39.122936,-94.592823,AirSprint Inc.: A,,,
KMKE,MKE,MKE,General Mitchell International,Milwaukee,United States,42.946932,-87.897064,AirSprint Inc.: A,,,
KMKY,MRK,MKY,Marco Island Executive ,Marco Island,United States,25.995028,-81.672528,AirSprint Inc.: A,,,
KMLB,MLB,MLB,Melbourne Orlando International,Melbourne,United States,28.10275,-80.64525,AirSprint Inc.: A,,,
KMLI,MLI,MLI,Quad Cities International,Moline,United States,41.448209,-90.50777,AirSprint Inc.: A,,,
KMMI,MMI,MMI,McMinn County  ,Athens,United States,35.399194,-84.561778,AirSprint Inc.: A,,,
KMMU,MMU,MMU,Morristown Municipal,Morristown,United States,40.7993333,-74.4148889,AirSprint Inc.: A,,,
KMOB,MOB,MOB,Mobile Regional,Mobile,United States,30.691417,-88.242833,AirSprint Inc.: A,,,
KMOD,MOD,MOD,Modesto City-County-Harry Sham Field,Modesto,United States,37.625825,-120.95443,AirSprint Inc.: A,,,
KMOT,MOT,MOT,Minot International,Minot,United States,48.257639,-101.278028,AirSprint Inc.: A,,,
KMQS,CTH,MQS,Chester County G. O. Carlson  ,Coatesville,United States,39.978972,-75.865472,AirSprint Inc.: A,,,
KMRH,,MRH,Michael J. Smith Field,Beaufort,United States,34.733759,-76.660355,AirSprint Inc.: A,,,
KMRY,MRY,MRY,Monterey Regional,Monterey,United States,36.586952,-121.842783,AirSprint Inc.: A,,,
KMSN,MSN,MSN,Dane County Regional - Truax Field,Madison,United States,43.139879,-89.337504,AirSprint Inc.: A,,,
KMSO,MSO,MSO,Missoula Montana,Missoula,United States,46.916306,-114.090556,AirSprint Inc.: A,,,
KMSP,MSP,MSP,Minneapolis-St Paul International - Wold-Chamberlain,Minneapolis,United States,44.881972,-93.221778,AirSprint Inc.: A,,,
KMSS,MSS,MSS,Massena International-Richards Field,Massena,United States,44.936241,-74.84512,AirSprint Inc.: A,,,
KMSY,MSY,MSY,Louis Armstrong New Orleans International,New Orleans,United States,29.993278,-90.259028,AirSprint Inc.: A,,,
KMTH,MTH,MTH,The Florida Keys Marathon International,Marathon,United States,24.726194,-81.051361,AirSprint Inc.: A,,,
KMTJ,MTJ,MTJ,Montrose Regional,Montrose,United States,38.509806,-107.89425,AirSprint Inc.: A,,,
KMVY,MVY,MVY,Martha's Vineyard,Vineyard Haven,United States,41.393418,-70.613874,AirSprint Inc.: A,,,
KMWH,MWH,MWH,Grant County International,Moses Lake,United States,47.208583,-119.319139,AirSprint Inc.: A,,,
KMWK,,MWK,Mount Airy - Surry County,Mount Airy,United States,36.461362,-80.55321,AirSprint Inc.: A,,,
KMWL,MWL,MWL,Mineral Wells Regional,Mineral Wells,United States,32.781606,-98.060175,AirSprint Inc.: A,,,
KMYL,MYL,MYL,Mc Call Municipal,Mc Call,United States,44.888744,-116.101752,AirSprint Inc.: A,,,
KMYR,MYR,MYR,Myrtle Beach International,Myrtle Beach,United States,33.679741,-78.928321,AirSprint Inc.: A,,,
KNEW,NEW,NEW,Lakefront,New Orleans,United States,30.042417,-90.02825,AirSprint Inc.: A,,,
KNUQ,NUQ,NUQ,Moffett Federal Airfield,Mountain View,United States,37.416144,-122.049129,AirSprint Inc.: A,Yes,,Yes
KNVD,NVD,NVD,Nevada Municipal,Nevada,United States,37.852477,-94.304608,AirSprint Inc.: A,,,
KOAK,OAK,OAK,Oakland San Francisco Bay Airport,Oakland,United States,37.721261,-122.221151,AirSprint Inc.: A,,,
KOBE,OBE,OBE,Okeechobee County,Okeechobee,United States,27.266574,-80.850391,AirSprint Inc.: A,,,
KOCF,OCF,OCF,Ocala International-Jim Taylor Field,Ocala,United States,29.171877,-82.224115,AirSprint Inc.: A,,,
KOFP,,OFP,Hanover County Municipal,Richmond/ashland,United States,37.708944,-77.436639,AirSprint Inc.: A,,,
KOGD,OGD,OGD,Ogden-Hinckley,Ogden,United States,41.19507,-112.012195,AirSprint Inc.: A,,,
KOGS,OGS,OGS,Ogdensburg International,Ogdensburg,United States,44.68225,-75.46325,AirSprint Inc.: A,,,
KOJC,OJC,OJC,Johnson County Executive  ,Olathe,United States,38.847598,-94.737584,AirSprint Inc.: B,,,
KOKC,OKC,OKC,Will Rogers World,Oklahoma City,United States,35.393074,-97.600762,AirSprint Inc.: A,,,
KOKV,WGO,OKV,Winchester Regional,Winchester,United States,39.143528,-78.144444,AirSprint Inc.: A,,,
KOLM,OLM,OLM,Olympia Regional,Olympia,United States,46.969404,-122.902545,AirSprint Inc.: A,,,
KOMA,OMA,OMA,Eppley Airfield,Omaha,United States,41.303167,-95.894056,AirSprint Inc.: A,,,
KOMK,OMK,OMK,Omak,Omak,United States,48.464412,-119.518051,AirSprint Inc.: A,,,
KONT,ONT,ONT,Ontario International,Ontario,United States,34.056014,-117.601188,AirSprint Inc.: A,,,
KOPF,OPF,OPF,Miami-Opa Locka Executive,Miami,United States,25.907417,-80.278222,AirSprint Inc.: A,,,
KOQU,NCO,OQU,Quonset State  ,North Kingstown,United States,41.597139,-71.412139,AirSprint Inc.: A,,,
KORD,ORD,ORD,Chicago O'Hare International,Chicago,United States,41.97694,-87.90815,AirSprint Inc.: A,,,Yes
KORF,ORF,ORF,Norfolk International,Norfolk,United States,36.894604,-76.201229,AirSprint Inc.: A,,,
KORH,ORH,ORH,Worcester Regional,Worcester,United States,42.267139,-71.875611,AirSprint Inc.: A,,,
KORL,ORL,ORL,Orlando Executive ,Orlando,United States,28.545462,-81.33293,AirSprint Inc.: A,,,
KOSU,OSU,OSU,Ohio State University,Columbus,United States,40.079516,-83.073213,AirSprint Inc.: A,,,
KOTH,OTH,OTH,Southwest Oregon Regional,North Bend,United States,43.4169444,-124.2470278,AirSprint Inc.: A,,,
KOWB,OWB,OWB,Owensboro - Daviess County Regional,Owensboro,United States,37.738834,-87.166829,AirSprint Inc.: A,,,
KOWD,OWD,OWD,Norwood Memorial,Norwood,United States,42.190528,-71.172944,AirSprint Inc.: B,,,
KOXR,OXR,OXR,Oxnard,Oxnard,United States,34.200807,-119.207226,AirSprint Inc.: A,,,
KPAE,PAE,PAE,Seattle Paine Field International,Everett,United States,47.907318,-122.282094,AirSprint Inc.: A,,,
KPBG,PBG,PBG,Plattsburgh International,Plattsburgh,United States,44.650944,-73.468139,AirSprint Inc.: A,,,
KPBI,PBI,PBI,Palm Beach International,West Palm Beach,United States,26.683162,-80.095592,AirSprint Inc.: A,,,
KPCW,,PCW,Erie-Ottawa International,Port Clinton,United States,41.516271,-82.869487,AirSprint Inc.: A,,,
KPDK,PDK,PDK,DeKalb–Peachtree ,Atlanta,United States,33.876002,-84.302031,AirSprint Inc.: A,,,
KPDT,PDT,PDT,Eastern Oregon Regional At Pendleton,Pendleton,United States,45.695095,-118.843369,AirSprint Inc.: A,,,
KPDX,PDX,PDX,Portland International,Portland,United States,45.588709,-122.596869,AirSprint Inc.: A,,,
KPEZ,,PEZ,Pleasanton Municipal,Pleasanton,United States,28.954194,-98.519972,AirSprint Inc.: B,,,
KPGA,PGA,PGA,Page Municipal,Page,United States,36.926069,-111.448351,AirSprint Inc.: A,,,
KPGD,PGD,PGD,Punta Gorda,Punta Gorda,United States,26.918593,-81.990886,AirSprint Inc.: A,,,
KPHF,PHF,PHF,Newport News - Williamsburg International,Newport News,United States,37.131889,-76.492972,AirSprint Inc.: A,,,
KPHL,PHL,PHL,Philadelphia International,Philadelphia,United States,39.872084,-75.240663,AirSprint Inc.: A,,,
KPHN,PHN,PHN,St Clair County International,Port Huron,United States,42.910959,-82.52885,AirSprint Inc.: A,,,
KPHX,PHX,PHX,Phoenix Sky Harbor International,Phoenix,United States,33.434278,-112.011583,AirSprint Inc.: A,,,
KPIA,PIA,PIA,General Downing - Peoria International,Peoria,United States,40.664194,-89.69325,AirSprint Inc.: A,,,
KPIE,PIE,PIE,St Pete-Clearwater International,St Petersburg-Clearwater,United States,27.908634,-82.68651,AirSprint Inc.: A,,,
KPIR,PIR,PIR,Pierre Regional,Pierre,United States,44.382694,-100.285972,AirSprint Inc.: A,,,
KPIT,PIT,PIT,Pittsburgh International,Pittsburgh,United States,40.491417,-80.232694,AirSprint Inc.: A,,,
KPLN,PLN,PLN,Pellston Regional - Emmet County,Pellston,United States,45.570917,-84.796722,AirSprint Inc.: A,,,
KPMP,PPM,PMP,Pompano Beach Airpark,Pompano Beach,United States,26.247401,-80.111208,AirSprint Inc.: B,,,
KPNE,PNE,PNE,Northeast Philadelphia  ,Philadelphia,United States,40.081938,-75.010578,AirSprint Inc.: A,,,
KPNS,PNS,PNS,Pensacola International,Pensacola,United States,30.473417,-87.186611,AirSprint Inc.: A,,,Yes
KPOF,POF,POF,Poplar Bluff Regional Business,Poplar Bluff,United States,36.773935,-90.324853,AirSprint Inc.: A,,,
KPOU,POU,POU,Hudson Valley Regional,Poughkeepsie,United States,41.626585,-73.884189,AirSprint Inc.: A,,,
KPQI,PQI,PQI,Presque Isle International,Presque Isle,United States,46.688964,-68.044791,AirSprint Inc.: A,,,
KPQL,PGL,PQL,Trent Lott International,Pascagoula,United States,30.462772,-88.529229,AirSprint Inc.: A,,,
KPRB,PRB,PRB,Paso Robles Municipal,Paso Robles,United States,35.672889,-120.627083,AirSprint Inc.: A,,,
KPRC,PRC,PRC,Prescott Regional - Ernest A Love Field,Prescott,United States,34.654833,-112.419222,AirSprint Inc.: A,,,
KPSC,PSC,PSC,Tri-Cities,Pasco,United States,46.264682,-119.119024,AirSprint Inc.: A,,,
KPSF,PSF,PSF,Pittsfield Municipal,Pittsfield,United States,42.42762,-73.29084,AirSprint Inc.: A,,,
KPSM,PSM,PSM,Portsmouth International At Pease,Portsmouth,United States,43.077944,-70.823278,AirSprint Inc.: A,,,
KPSP,PSP,PSP,Palm Springs International,Palm Springs,United States,33.829667,-116.506694,AirSprint Inc.: A,,,
KPTK,PTK,PTK,Oakland County International,Pontiac,United States,42.665636,-83.420506,AirSprint Inc.: A,,,Yes
KPUC,PUC,PUC,Carbon County Regional - Buck Davis Field,Price,United States,39.613889,-110.751611,AirSprint Inc.: A,,,
KPVD,PVD,PVD,Rhode Island TF Green International,Providence,United States,41.722333,-71.427722,AirSprint Inc.: A,,,
KPVJ,,PVJ,Pauls Valley Municipal,Pauls Valley,United States,34.709563,-97.223346,AirSprint Inc.: A,,,
KPVU,PVU,PVU,Provo Municipal,Provo,United States,40.219167,-111.723361,AirSprint Inc.: A,,,
KPWK,PWK,PWK,Chicago Executive,Chicago,United States,42.114279,-87.901541,AirSprint Inc.: A,,,Yes
KPWM,PWM,PWM,Portland International Jetport,Portland,United States,43.645644,-70.308616,AirSprint Inc.: A,,,
KPYM,PYM,PYM,Plymouth Municipal,Plymouth,United States,41.908618,-70.727685,AirSprint Inc.: B,,,
KRAC,RAC,RAC,Batten International,Racine,United States,42.76118,-87.813909,AirSprint Inc.: A,,,
KRAP,RAP,RAP,Rapid City Regional,Rapid City,United States,44.045333,-103.057361,AirSprint Inc.: A,,,
KRBW,RBW,RBW,Lowcountry Regional,Walterboro,United States,32.921,-80.640611,AirSprint Inc.: A,,,
KRDG,RDG,RDG,Reading Regional - Carl A Spaatz Field,Reading,United States,40.378499,-75.965247,AirSprint Inc.: A,,,
KRDM,RDM,RDM,Roberts Field,Redmond,United States,44.254069,-121.149971,AirSprint Inc.: A,,,
KRDU,RDU,RDU,Raleigh-Durham International,Raleigh/durham,United States,35.877639,-78.787472,AirSprint Inc.: A,,,
KRFD,RFD,RFD,Chicago - Rockford International,Chicago/rockford,United States,42.195361,-89.097222,AirSprint Inc.: A,,,
KRGK,,RGK,Red Wing Regional,Red Wing,United States,44.589361,-92.484972,AirSprint Inc.: A,,,
KRHI,RHI,RHI,Rhinelander - Oneida County,Rhinelander,United States,45.630901,-89.466628,AirSprint Inc.: A,,,
KRIC,RIC,RIC,Richmond International,Richmond,United States,37.505181,-77.319739,AirSprint Inc.: A,,,
KRIL,RIL,RIL,Rifle Garfield County,Rifle,United States,39.526607,-107.727987,AirSprint Inc.: A,,,
KRKD,RKD,RKD,Knox County Regional,Rockland,United States,44.060142,-69.09967,AirSprint Inc.: A,,,
KRKS,RKS,RKS,Southwest Wyoming Regional,Rock Springs,United States,41.594222,-109.065194,AirSprint Inc.: A,,,
KRNM,,RNM,Ramona,Ramona,United States,33.039167,-116.91525,AirSprint Inc.: A,,,
KRNO,RNO,RNO,Reno - Tahoe International,Reno,United States,39.499111,-119.768111,AirSprint Inc.: A,,,
KRNT,RNT,RNT,Renton Municipal,Renton,United States,47.493139,-122.21575,AirSprint Inc.: A,,,
KROA,ROA,ROA,Roanoke - Blacksburg Regional (Woodrum Field),Roanoke,United States,37.325472,-79.975417,AirSprint Inc.: A,,,
KROC,ROC,ROC,Frederick Douglass - Greater Rochester International,Rochester,United States,43.119144,-77.671869,AirSprint Inc.: A,,,
KROG,ROG,ROG,Rogers Executive Carter Field ,Rogers,United States,36.372417,-94.106972,AirSprint Inc.: A,,,
KRQO,,RQO,El Reno Regional,El Reno,United States,35.472722,-98.00575,AirSprint Inc.: A,,,
KRST,RST,RST,Rochester International,Rochester,United States,43.908278,-92.500028,AirSprint Inc.: A,,,
KRSW,RSW,RSW,Southwest Florida International,Fort Myers,United States,26.536164,-81.755155,AirSprint Inc.: A,,,
KRUT,RUT,RUT,Rutland - Southern Vermont Regional,Rutland,United States,43.52973,-72.949626,AirSprint Inc.: A,,,
KRYY,,RYY,Cobb County International - Mccollum Field,Atlanta,United States,34.013167,-84.597028,AirSprint Inc.: A,,,
KSAA,SAA,SAA,Shively Field,Saratoga,United States,41.443528,-106.827528,AirSprint Inc.: A,,,
KSAF,SAF,SAF,Santa Fe Municipal,Santa Fe,United States,35.6171111,-106.0894167,AirSprint Inc.: A,,,
KSAN,SAN,SAN,San Diego International,San Diego,United States,32.733563,-117.189663,AirSprint Inc.: A,,,
KSAT,SAT,SAT,San Antonio International,San Antonio,United States,29.533958,-98.469057,AirSprint Inc.: A,,,
KSAV,SAV,SAV,Savannah - Hilton Head International,Savannah,United States,32.127583,-81.202139,AirSprint Inc.: A,,,
KSAW,MQT,SAW,Marquette - Sawyer Regional,Marquette,United States,46.349158,-87.396372,AirSprint Inc.: A,,,
KSBA,SBA,SBA,Santa Barbara Municipal,Santa Barbara,United States,34.426192,-119.841493,AirSprint Inc.: A,,,
KSBD,SBD,SBD,San Bernardino International,San Bernardino,United States,34.095361,-117.234889,AirSprint Inc.: A,,,
KSBM,SBM,SBM,Sheboygan County Memorial,Sheboygan,United States,43.769778,-87.851722,AirSprint Inc.: A,,,
KSBN,SBN,SBN,South Bend International,South Bend,United States,41.708224,-86.317338,AirSprint Inc.: A,,,
KSBO,,SBO,East Georgia Regional,Swainsboro,United States,32.609139,-82.369944,AirSprint Inc.: A,,,
KSBP,SBP,SBP,San Luis County Regional,San Luis Obispo,United States,35.237272,-120.642603,AirSprint Inc.: A,,,
KSCA,,SCA,Sidney Municipal,Sidney,United States,40.241278,-84.147861,AirSprint Inc.: A,,,
KSCK,SCK,SCK,Stockton Metro,Stockton,United States,37.89441,-121.23874,AirSprint Inc.: A,,,
KSDF,SDF,SDF,Louisville Muhammad Ali International,Louisville,United States,38.174085,-85.736494,AirSprint Inc.: A,,,
KSDL,SCF,SDL,Scottsdale,Scottsdale,United States,33.622889,-111.910528,AirSprint Inc.: A,,,
KSDM,SDM,SDM,Brown Field Municipal,San Diego,United States,32.572278,-116.980167,AirSprint Inc.: A,,,
KSDY,SDY,SDY,Sidney-Richland Regional,Sidney,United States,47.706861,-104.192556,AirSprint Inc.: A,,,
KSEA,SEA,SEA,Seattle-Tacoma International,Seattle,United States,47.449889,-122.311778,AirSprint Inc.: A,,,Yes
KSEF,SEF,SEF,Sebring Regional,Sebring,United States,27.456389,-81.342389,AirSprint Inc.: A,,,
KSEZ,SDX,SEZ,Sedona,Sedona,United States,34.848589,-111.788448,AirSprint Inc.: B,,,
KSFB,SFB,SFB,Orlando Sanford International,Orlando,United States,28.777178,-81.234914,AirSprint Inc.: A,,,
KSFM,SFM,SFM,Sanford Seacoast Regional,Sanford,United States,43.393806,-70.708,AirSprint Inc.: A,,,
KSFO,SFO,SFO,San Francisco International,San Francisco,United States,37.618806,-122.375417,AirSprint Inc.: A,,,Yes
KSGF,SGF,SGF,Springfield–Branson National,Springfield,United States,37.245661,-93.388627,AirSprint Inc.: A,,,
KSGJ,UST,SGJ,Northeast Florida Regional,St Augustine,United States,29.95925,-81.339729,AirSprint Inc.: A,,,
KSGR,SGR,SGR,Sugar Land Regional,Houston,United States,29.622249,-95.656534,AirSprint Inc.: A,,,
KSGU,SGU,SGU,St George Regional,St George,United States,37.036378,-113.510303,AirSprint Inc.: A,,,
KSHV,SHV,SHV,Shreveport Regional,Shreveport,United States,32.446515,-93.82604,AirSprint Inc.: A,,,
KSJC,SJC,SJC,Norman Y Mineta San Jose International,San Jose,United States,37.362995,-121.928621,AirSprint Inc.: A,,,
KSJT,SJT,SJT,San Angelo Regional - Mathis Field,San Angelo,United States,31.357748,-100.496304,AirSprint Inc.: A,,,
KSLC,SLC,SLC,Salt Lake City International,Salt Lake City,United States,40.788393,-111.977773,AirSprint Inc.: A,,,
KSLG,SLG,SLG,Smith Field,Siloam Springs,United States,36.191861,-94.49,AirSprint Inc.: A,,,
KSLK,SLK,SLK,Adirondack Regional,Saranac Lake,United States,44.385308,-74.206181,AirSprint Inc.: A,,,
KSLN,SLN,SLN,Salina Regional,Salina,United States,38.790611,-97.652222,AirSprint Inc.: A,,,
KSMF,SMF,SMF,Sacramento International,Sacramento,United States,38.695444,-121.590778,AirSprint Inc.: A,,,
KSMX,SMX,SMX,Santa Maria Pub - Capt G Allan Hancock Field,Santa Maria,United States,34.899944,-120.458083,AirSprint Inc.: A,,,
KSNA,SNA,SNA,John Wayne - Orange County,Santa Ana,United States,33.675662,-117.868233,AirSprint Inc.: A,,,
KSNS,SNS,SNS,Salinas Municipal,Salinas,United States,36.662411,-121.607154,AirSprint Inc.: A,,,
KSOP,SOP,SOP,Moore County  ,Pinehurst/southern Pines,United States,35.237422,-79.389034,AirSprint Inc.: A,,,
KSPF,SPF,SPF,Black Hills Clyde Ice Field ,Spearfish,United States,44.481056,-103.786,AirSprint Inc.: A,,,
KSRQ,SRQ,SRQ,Sarasota - Bradenton International,Sarasota/bradenton,United States,27.395444,-82.554389,AirSprint Inc.: A,,,
KSSF,SSF,SSF,Stinson Municipal,San Antonio,United States,29.336981,-98.471044,AirSprint Inc.: A,,,
KSSI,SSI,SSI, St Simons Island,St Simons Island,United States,31.151966,-81.39106,AirSprint Inc.: A,,,
KSTC,STC,STC,St Cloud Regional,St Cloud,United States,45.546222,-94.059389,AirSprint Inc.: A,,,
KSTL,STL,STL,St Louis Lambert International,St Louis,United States,38.748698,-90.370026,AirSprint Inc.: A,,,
KSTP,STP,STP,St Paul Downtown Holman Field,St Paul,United States,44.934622,-93.060342,AirSprint Inc.: A,,,
KSTS,STS,STS,Charles M. Schulz–Sonoma County,Santa Rosa,United States,38.509694,-122.812889,AirSprint Inc.: A,,,
KSUA,SUA,SUA,Witham Field,Stuart,United States,27.181699,-80.221293,AirSprint Inc.: A,,,
KSUN,SUN,SUN,Friedman Memorial ,Hailey,United States,43.503781,-114.295558,AirSprint Inc.: B,,,
KSUS,SUS,SUS,Spirit of St. Louis,St Louis,United States,38.662111,-90.652056,AirSprint Inc.: A,,,
KSUX,SUX,SUX,Sioux Gateway - Brig General Bud Day Field,Sioux City,United States,42.401309,-96.384418,AirSprint Inc.: A,,,
KSVH,SVH,SVH,Statesville Regional,Statesville,United States,35.765,-80.953889,AirSprint Inc.: A,,,
KSWF,SWF,SWF,New York Stewart International,New York,United States,41.504111,-74.104833,AirSprint Inc.: A,,,
KSYR,SYR,SYR,Syracuse Hancock International,Syracuse,United States,43.111181,-76.10632,AirSprint Inc.: A,,,
KSZT,,SZT,Sandpoint  ,Sandpoint,United States,48.299528,-116.560139,AirSprint Inc.: A,,,
KTBR,TBR,TBR,Statesboro-Bulloch County,Statesboro,United States,32.48275,-81.736944,AirSprint Inc.: A,,,
KTEB,TEB,TEB,Teterboro,Teterboro,United States,40.8501111,-74.0608333,AirSprint Inc.: A,,,
KTEX,TEX,TEX,Telluride Regional,Telluride,United States,37.953806,-107.90875,AirSprint Inc.: C,,,
KTIW,TIW,TIW,Tacoma Narrows  ,Tacoma,United States,47.267944,-122.578111,AirSprint Inc.: A,,,
KTLH,TLH,TLH,Tallahassee International,Tallahassee,United States,30.396754,-84.350869,AirSprint Inc.: A,,,
KTMB,TMB,TMB,Miami Executive  ,Miami,United States,25.647564,-80.433225,AirSprint Inc.: A,,,
KTME,,TME,Houston Executive,Houston,United States,29.805028,-95.897889,AirSprint Inc.: A,,,
KTNU,TNU,TNU,Newton Municipal-Earl Johnson Field,Newton,United States,41.67443,-93.021728,AirSprint Inc.: A,,,
KTOL,TOL,TOL,Eugene F Kranz Toledo Express,Toledo,United States,41.586817,-83.807827,AirSprint Inc.: A,,,
KTPA,TPA,TPA,Tampa International,Tampa,United States,27.975472,-82.53325,AirSprint Inc.: A,,,
KTPL,TPL,TPL,Draughon-Miller Central Texas Regional,Temple,United States,31.1519,-97.407663,AirSprint Inc.: A,,,
KTRI,TRI,TRI,Tri-Cities,Bristol/johnson/kingsport,United States,36.475208,-82.407415,AirSprint Inc.: A,,,
KTRK,TKF,TRK,Truckee Tahoe  ,Truckee,United States,39.320056,-120.139583,AirSprint Inc.: A,,,
KTRM,TRM,TRM,Jacqueline Cochran Regional,Palm Springs,United States,33.626671,-116.159654,AirSprint Inc.: A,,,
KTTA,,TTA,Raleigh Executive Jetport At Sanford-Lee County,Sanford,United States,35.582439,-79.101338,AirSprint Inc.: A,,,
KTTN,TTN,TTN,Trenton Mercer,Trenton,United States,40.2766944,-74.8134722,AirSprint Inc.: A,,,
KTUL,TUL,TUL,Tulsa International,Tulsa,United States,36.1983889,-95.8881111,AirSprint Inc.: A,,,
KTUS,TUS,TUS,Tucson International,Tucson,United States,32.116069,-110.941014,AirSprint Inc.: A,,,
KTVC,TVC,TVC,Cherry Capital,Traverse City,United States,44.741579,-85.58187,AirSprint Inc.: A,,,
KTVL,TVL,TVL,Lake Tahoe  ,South Lake Tahoe,United States,38.893889,-119.995333,AirSprint Inc.: A,,,
KTWF,TWF,TWF,Joslin Field - Magic Valley Regional,Twin Falls,United States,42.481809,-114.487736,AirSprint Inc.: A,,,
KTXK,TXK,TXK,Texarkana Regional-Webb Field,Texarkana,United States,33.453716,-93.991031,AirSprint Inc.: A,,,
KTYQ,,TYQ,Indianapolis Executive  ,Indianapolis,United States,40.028611,-86.251405,AirSprint Inc.: A,,,
KTYR,TYR,TYR,Tyler Pounds Regional,Tyler,United States,32.353547,-95.402978,AirSprint Inc.: A,,,
KTYS,TYS,TYS,McGhee Tyson,Knoxville,United States,35.811091,-83.994067,AirSprint Inc.: A,,,
KUAO,,UAO,Aurora State,Aurora,United States,45.2471389,-122.7700556,AirSprint Inc.: A,,,
KUDD,UDD,UDD,Bermuda Dunes,Palm Springs,United States,33.748438,-116.274813,AirSprint Inc.: A,,,
KUDG,,UDG,Darlington County,Darlington,United States,34.447489,-79.886424,AirSprint Inc.: A,,,
KUES,UES,UES,Waukesha County,Waukesha,United States,43.041028,-88.237056,AirSprint Inc.: A,,,
KUGN,UGN,UGN,Waukegan National,Chicago/waukegan,United States,42.422149,-87.867916,AirSprint Inc.: A,,,
KUNU,UNU,UNU,Dodge County  ,Juneau,United States,43.426472,-88.703861,AirSprint Inc.: A,,,
KUOX,UOX,UOX,University-Oxford,Oxford,United States,34.384333,-89.536806,AirSprint Inc.: A,,,
KVCV,VCV,VCV,Southern California Logistics,Victorville,United States,34.595526,-117.382662,AirSprint Inc.: A,,,
KVGC,,VGC,Hamilton Municipal,Hamilton,United States,42.843444,-75.561194,AirSprint Inc.: A,,,
KVGT,VGT,VGT,North Las Vegas,Las Vegas,United States,36.210703,-115.194443,AirSprint Inc.: A,,,Yes
KVNC,VNC,VNC,Venice Municipal,Venice,United States,27.071268,-82.440032,AirSprint Inc.: A,,,
KVNY,VNY,VNY,Van Nuys,Van Nuys,United States,34.209806,-118.489972,AirSprint Inc.: A,,,
KVRB,VRB,VRB,Vero Beach Regional,Vero Beach,United States,27.655556,-80.417944,AirSprint Inc.: A,,,
KVSF,VSF,VSF,Hartness State (Springfield),Springfield,United States,43.343722,-72.517278,AirSprint Inc.: A,,,
KVTN,VTN,VTN,Miller Field,Valentine,United States,42.856694,-100.548972,AirSprint Inc.: B,,,
KVUJ,,VUJ,Stanly County,Albemarle,United States,35.416694,-80.150791,AirSprint Inc.: A,,,
KWDG,WDG,WDG,Enid Woodring Regional,Enid,United States,36.375944,-97.789417,AirSprint Inc.: A,,,
KWMC,WMC,WMC,Winnemucca Municipal,Winnemucca,United States,40.896611,-117.805889,AirSprint Inc.: A,,,
KWVL,WVL,WVL,Waterville Robert LaFleur  ,Waterville,United States,44.53325,-69.675528,AirSprint Inc.: A,,,
KWWD,WWD,WWD,Cape May County,Wildwood,United States,39.0085,-74.9085833,AirSprint Inc.: A,,,
KWYS,WYS,WYS,Yellowstone  ,West Yellowstone,United States,44.688389,-111.117639,AirSprint Inc.: A,,,
KXNA,XNA,XNA,Northwest Arkansas National,Fayetteville/springdale/rogers,United States,36.281579,-94.307766,AirSprint Inc.: A,,,
KXWA,XWA,XWA,Williston Basin International,Williston,United States,48.259784,-103.750557,AirSprint Inc.: A,,,
KYIP,YIP,YIP,Willow Run  ,Detroit,United States,42.240274,-83.531462,AirSprint Inc.: A,,,
KYKM,YKM,YKM,Yakima Air Trml - Mcallister Field,Yakima,United States,46.568167,-120.544062,AirSprint Inc.: A,,,
LDDU,DBV,,Dubrovnik Rudjer Boskovic,Dubrovnik,Croatia,42.5613528,18.2682444,,,,Yes
LDSP,SPU,, Split Saint Jerome,Split,Croatia,43.5389444,16.2979639,,,,Yes
LEBL,BCN,,Josep Tarradellas Barcelona-El Prat,Barcelona,Spain,41.2969444,2.0783333,AirSprint Inc.: C,Yes,Yes,
LEMD,MAD,,Adolfo Suarez Madrid-Barajas,Madrid,Spain,40.4722222,-3.5608333,,Yes,Yes,
LEPA,PMI,,Palma de Mallorca,Palma,Spain,39.5516667,2.7388889,,Yes,Yes,
LFBD,BOD,,Bordeaux Merignac International,Bordeaux,France,44.8286111,-0.7152778,AirSprint Inc.: C,,,
LFBU,ANG,,Angoulême Brie Champniers,Angouleme,France,45.7294444,0.2191667,,,,
LFML,MRS,,Marseille Provence,Marseille,France,43.4366667,5.215,AirSprint Inc.: C,,,
LFMV,AVN,,Avignon Caumont,Avignon,France,43.9066667,4.9019444,AirSprint Inc.: C,,,
LFPB,LBG,,Paris Le Bourget,Paris,France,48.9694444,2.4413889,AirSprint Inc.: C,,,
LFSD,DIJ,,Dijon Longvic,Dijon,France,47.2658333,5.095,,,,Yes
LGAV,ATH,,Athinai Eleftherios Venizelos,Athens,Greece,37.9367,23.9445,,,,
LGIR,HER,,Iraklion Nikos Kazantzakis,Heraklion,Greece,35.3397222,25.1802778,,,,Yes
LGMK,JMK,,Mykonos,Mikonos,Greece,37.4372222,25.3472222,,,,Yes
LGSR,JTR,,Santorini,Thira,Greece,36.3991667,25.4791667,,,,Yes
LICC,CTA,,Catania Fontanarossa,Catania,Italy,37.4666667,15.0638889,,Yes,Yes,
LIEO,OLB,,Olbia Costa Smeralda,Olbia,Italy,40.8986111,9.5177778,AirSprint Inc.: C,,,Yes
LIMJ,GOA,,Genova Sestri,Genova,Italy,44.4133333,8.8375,AirSprint Inc.: C,Yes,Yes,
LIPZ,VCE,,Venice Tessera Marco Polo,Venezia,Italy,45.5052778,12.3519444,,Yes,Yes,Yes
LIRQ,FLR,,Firenze Peretola,Florence,Italy,43.8086111,11.2027778,AirSprint Inc.: C,,,Yes
LKMT,OSR,,Ostrava Mošnov,Ostrava,Czechia,49.6961111,18.1108333,,,,
LLBG,TLV,, Tel-Aviv Ben-Gurion,Tel-Aviv,Israel,32.0094444,34.8855556,,Yes,Yes,
LMML,MLA,,Luqa International,Valletta,Malta,35.8575417,14.4774389,,Yes,Yes,Yes
LPFR,FAO,,Faro Gago Coutinho,Faro,Portugal,37.0144444,-7.9658333,AirSprint Inc.: C,Yes,Yes,
LPLA,TER,,Lajes ,Lajes,Portugal,38.7619444,-27.0908333,AirSprint Inc.: C,,,
LPPR,OPO,,Porto Francisco Sa Carneiro,Porto,Portugal,41.2355556,-8.6780556,AirSprint Inc.: C,Yes,Yes,
LSGG,GVA,,Geneva,Geneva,Switzerland,46.2383333,6.1094444,AirSprint Inc.: C,Yes,Yes,Yes
LTBJ,ADB,,İzmi̇r Adnan Menderes International,İzmir,Türkiye,38.2891667,27.155,,,,Yes
LYTV,TIV,,Tivat,Tivat,Montenegro,42.4047222,18.7233333,,,,
MBAC,,,Ambergris Cay International,Ambergris Cay,Turks And Caicos Islands,21.300633,-71.64115,AirSprint Inc.: C,,,
MBPV,PLS,,Providenciales International,Providenciales,Turks And Caicos Islands,21.7736,-72.2659,AirSprint Inc.: A,,,Yes
MDCY,AZS,,Samana El Catey International - Juan Bosch Airport,Samaná,Dominican Republic,19.2695472,-69.7369778,AirSprint Inc.: A,,,
MDLR,LRM,,La Romana Casa de Campo,La Romana,Dominican Republic,18.4525,-68.9113889,AirSprint Inc.: A,,,
MDPC,PUJ,,Punta Cana International Airport,Punta Cana,Dominican Republic,18.5707806,-68.3661861,AirSprint Inc.: A,,,
MDPP,POP,,Gregorio Luperón International,Puerto Plata,Dominican Republic,19.7579,-70.5700333,AirSprint Inc.: A,,,
MDSD,SDQ,,Las Américas José Francisco Peña Gómez,Santo Domingo,Dominican Republic,18.4296639,-69.668925,AirSprint Inc.: A,,,
MDST,STI,,Cibao International Airport,Santiago,Dominican Republic,19.4060917,-70.6046889,,,,
MKBS,OCJ,,Ian Fleming International,Ocho Rios,Jamaica,18.4041667,-76.9691667,AirSprint Inc.: A,,,
MKJP,KIN,,Norman Manley International,Kingston,Jamaica,17.9355556,-76.7875,AirSprint Inc.: A,,,
MKJS,MBJ,,Sangster International Airport,Montego Bay,Jamaica,18.5036694,-77.9133889,AirSprint Inc.: A,Yes,Yes,
MMAN,NTR,,Del Norte,Monterrey,Mexico,25.8656056,-100.2372111,AirSprint Inc.: A,,,
MMCU,CUU,,Chihuahua International,Chihuahua,Mexico,28.7023278,-105.9629639,AirSprint Inc.: A,,,
MMCZ,CZM,,Cozumel International,Cozumel,Mexico,20.5220639,-86.9292778,AirSprint Inc.: A,,,
MMES,ESE,,Ensenada,Ensenada,Mexico,31.79525,-116.6037083,AirSprint Inc.: A,,,
MMGL,GDL,,Miguel Hidalgo y Costilla Guadalajara International Airport,Guadalajara,Mexico,20.5218333,-103.3111444,AirSprint Inc.: A,,,
MMHO,HMO,,Hermosillo International,Hermosillo,Mexico,29.0958167,-111.0478528,AirSprint Inc.: A,,,
MMIO,SLW,,Plan de Guadalupe International ,Saltillo,Mexico,25.5497861,-100.9283528,AirSprint Inc.: A,,,
MMLP,LAP,,La Paz International,La Paz,Mexico,24.0727444,-110.3625417,AirSprint Inc.: A,,,
MMLT,LTO,,Loreto International,Loreto,Mexico,25.9898778,-111.3469667,AirSprint Inc.: A,,,
MMMY,MTY,,Monterrey International,Apodaca,Mexico,25.7758583,-100.1069444,AirSprint Inc.: A,,,
MMMZ,MZT,,Mazatlán International,Mazatlán,Mexico,23.1614833,-106.2645583,AirSprint Inc.: A,,,
MMPR,PVR,,Licenciado Gustavo Díaz Ordaz International ,Puerto Vallarta,Mexico,20.6800722,-105.2542,AirSprint Inc.: A,,,
MMQT,QRO,,Querétaro Intercontinental,"	Querétaro",Mexico,20.6173722,-100.1856611,AirSprint Inc.: A,,,
MMSD,SJD,,Los Cabos International,San José del Cabo,Mexico,23.1520722,-109.7207472,AirSprint Inc.: A,,,
MMSL,CSL,,Cabo San Lucas International Airport,Cabo San Lucas,Mexico,22.9482583,-109.938325,AirSprint Inc.: A,,,
MMTJ,TIJ,,Tijuana International,Tijuana,Mexico,32.5410556,-116.9699583,AirSprint Inc.: A,,,
MMTL,TQO,,Felipe Carrillo Puerto,Tulum,Mexico,20.1666667,-87.6666667,AirSprint Inc.: A,,,
MMTO,TLC,,Toluca International,Toluca,Mexico,19.3370833,-99.5660333,AirSprint Inc.: A,,,
MMUN,CUN,,Cancún International,Cancún,Mexico,21.0427778,-86.8733333,AirSprint Inc.: A,,,
MMVR,VER,,Veracruz International,Veracruz,Mexico,19.1457806,-96.1873639,AirSprint Inc.: A,,,
MMZH,ZIH,,Ixtapa-Zihuatanejo International,Zihuatanejo,Mexico,17.6016222,-101.46055,AirSprint Inc.: A,,,
MMZO,ZLO,,Playa de Oro International Airport,Manzanillo,Mexico,19.1447639,-104.558475,AirSprint Inc.: A,,,
MPTO,PTY,,Tocumen International Airport,Panama City,Panama,9.0713889,-79.3833333,AirSprint Inc.: A,,,
MRLB,LIR,,Daniel Oduber International,Liberia,Costa Rica,10.5930139,-85.5455444,AirSprint Inc.: A,,,
MROC,SJO,,Juan Santamaría International,Alajuela,Costa Rica,9.9939028,-84.2088556,AirSprint Inc.: A,,,
MUCC,CCC,,Cayo Coco Jardines Del Rey Intl,Cayo Coco,Cuba,22.4611111,-78.3286111,AirSprint Inc.: A,,,
MUHA,HAV,,La Habana Jose Marti International,La Habana,Cuba,22.9891667,-82.4091667,AirSprint Inc.: A,Yes,Yes,
MWCB,CYB,,Charles Kirkconnell International,Stake Bay,Cayman Islands,19.6869833,-79.8828056,AirSprint Inc.: A,,,
MWCR,GCM,,Owen Roberts International ,George Town,Cayman Islands,19.2927778,-81.3577694,AirSprint Inc.: A,Yes,Yes,
MYAM,MHH,,Leonard M Thompson International,Marsh Harbour,Bahamas,26.510128,-77.085117,AirSprint Inc.: A,,,
MYEF,GGT,,Exuma International,George Town,Bahamas,23.56246,-75.877601,AirSprint Inc.: A,,,
MYEH,ELH,,North Eleuthera,North Eleuthera,Bahamas,25.475633,-76.681367,AirSprint Inc.: A,,,
MYEN,NMC,,Norman's Cay Airport,Norman'S Cay,Bahamas,24.5963417,-76.818925,AirSprint Inc.: B,,,
MYER,RSD,,Rock Sound,Rock Sound,Bahamas,24.891703,-76.177778,AirSprint Inc.: A,,,
MYNN,NAS,,Lynden Pindling International,Nassau,Bahamas,25.039114,-77.466368,AirSprint Inc.: A,,,
MZBZ,BZE,,Philip S.W. Goldson,Belize City,Belize,17.5391667,-88.3083333,AirSprint Inc.: A,,,
PACD,CDB,CDB,Cold Bay,Cold Bay,United States,55.205917,-162.72625,AirSprint Inc.: A,,,
PADQ,ADQ,ADQ,Kodiak,Kodiak,United States,57.749794,-152.493944,AirSprint Inc.: A,,,
PAEN,ENA,ENA,Kenai Municipal,Kenai,United States,60.573278,-151.244833,AirSprint Inc.: A,,,Yes
PAJN,JNU,JNU,Juneau International,Juneau,United States,58.354712,-134.578471,AirSprint Inc.: A,,,
PAKT,KTN,KTN,Ketchikan International,Ketchikan,United States,55.354083,-131.711222,AirSprint Inc.: A,,,
PANC,ANC,ANC,Ted Stevens Anchorage International,Anchorage,United States,61.174085,-149.998138,AirSprint Inc.: A,,,
PASI,SIT,SIT,Sitka Rocky Gutierrez,Sitka,United States,57.046834,-135.361069,AirSprint Inc.: A,,,
PAWG,WRG,WRG,Wrangell,Wrangell,United States,56.484333,-132.369833,AirSprint Inc.: A,,,
PAYA,YAK,YAK,Yakutat,Yakutat,United States,59.503323,-139.660268,AirSprint Inc.: A,,,
PHKO,KOA,KOA,Ellison Onizuka Kona International At Keahole,Kailua/kona,United States,19.738765,-156.045631,AirSprint Inc.: A,,,
PHLI,LIH,LIH,Lihue,Lihue,United States,21.975983,-159.338958,AirSprint Inc.: A,,,
PHNL,HNL,HNL,Daniel K Inouye International,Honolulu,United States,21.317817,-157.920228,AirSprint Inc.: A,,,
PHOG,OGG,OGG,Kahului,Kahului,United States,20.898649,-156.430459,AirSprint Inc.: A,,,
SEGU,GYE,,José Joaquín de Olmedo International,Guayaquil,Ecuador,-2.1577778,-79.8838889,AirSprint Inc.: C,,,
SEQM,UIO,,Mariscal Sucre International Airport,Quito,Ecuador,-0.1241667,-78.3544444,AirSprint Inc.: C,,,
SKRG,MDE,,José María Córdova International,Rionegro,Colombia,6.1644611,-75.423,AirSprint Inc.: C,,,
SPQT,IQT,,Coronel FAP Francisco Secada Vignetta International Airport,Iquitos,Peru,-3.7847389,-73.3088056,AirSprint Inc.: C,,,
TAPA,ANU,,St. John's V.C. Bird,St. John's,Antigua And Barbuda,17.1361111,-61.7938889,AirSprint Inc.: A,,,
TBPB,BGI,,Grantley Adams International,Bridgetown,Barbados,13.0747222,-59.4922222,AirSprint Inc.: A,,,
TFFF,FDF,,Martinique Aimé Césaire International,Fort-de-France,Martinique,14.5922222,-60.9963889,AirSprint Inc.: A,,,
TGPY,GND,,St. George’s Maurice Bishop,St. George’s,Grenada,12.0042472,-61.7861917,AirSprint Inc.: A,,,
TIST,STT,,Cyril E. King,Charlotte Amalie," Virgin Islands, U.s.",18.337306,-64.973333,AirSprint Inc.: A,,,
TJSJ,SJU,,Luis Munoz Marin International,San Juan,Puerto Rico,18.439399,-66.002133,AirSprint Inc.: A,,,
TKPK,SKB,,Basseterre Robert L. Bradshaw,Basseterre ,Saint Kitts And Nevis,17.3111806,-62.7186861,AirSprint Inc.: A,,,
TLPC,SLU,,Castries George F. Charles,Castries ,Saint Lucia,14.02,-60.9930556,AirSprint Inc.: A,,,
TLPL,UVF,,Vieux Fort Hewanorra ,Vieux Fort,Saint Lucia,13.7333333,-60.9547222,AirSprint Inc.: A,,,
TNCA,AUA,,Queen Beatrix International,Oranjestad,Aruba,12.5013806,-70.0152306,AirSprint Inc.: A,,,
TNCC,CUR,,Hato Curaçao International Airport,Willemstad,Curaçao,12.1889139,-68.9596889,AirSprint Inc.: A,,,
TNCM,SXM,,Princess Juliana International,Philipsburg,Sint Maarten,18.040928,-63.108958,AirSprint Inc.: A,,,
TQPF,AXA,,Clayton J Lloyd International,The Valley,Anguilla,18.2048,-63.053853,AirSprint Inc.: B,,,Yes
TTPP,POS,,Port of Spain Piarco,Port of Spain,Trinidad And Tobago,10.5952778,-61.3372222,AirSprint Inc.: A,,,
TUPJ,EIS,,Terrance B Lettsome International,Roadtown," Virgin Islands, British",18.445556,-64.541667,AirSprint Inc.: B,,,
TVSA,SVD,,Argyle International,Kingstown,Saint Vincent And The Grenadines,13.16,-61.148611,AirSprint Inc.: A,,,
TVSC,CIW,,Canouan ,Charlestown,Saint Vincent And The Grenadines,12.7007972,-61.3450667,AirSprint Inc.: A,,,
TXKF,BDA,,L. F. Wade International,Hamilton,Bermuda,32.3640417,-64.6787028,AirSprint Inc.: A,,,Yes
XXXXnull,,,Bella Bella (Campbel,Bella Bella,Canada,52.185125,-128.1567917,AirSprint Inc.: C,,,
CFN5,,,La Crete (Jake Fehr Memorial),Alberta,Canada,58.1772222,-116.3347222,AirSprint Inc.: B,,,
CAU4,,,Vanderhoof,Vanderhoof,Canada,54.0466667,-124.0111667,AirSprint Inc.: A,,,
CEH6,,,Provost ,Provost,Canada,52.3338889,-110.2683333,AirSprint Inc.: A,,,
,,2J3,Louisville Municipal,Louisville,United States,32.985944,-82.384806,AirSprint Inc.: A,,,
,OCA,07FA,Ocean Reef Club,Key Largo,United States,25.324317,-80.275729,AirSprint Inc.: B,,,Yes
,,5B2,Saratoga County,Saratoga Springs,United States,43.050722,-73.861639,AirSprint Inc.: A,,,
,,K24,Russell County,Jamestown,United States,37.009694,-85.10275,AirSprint Inc.: A,,,
,CFM,,Conklin Leismer,,Canada,55.695918,-111.2785848,AirSprint Inc.: A,,,Yes
,,9TE2,JL Bar Ranch,Sonora,United States,30.568367,-100.444191,AirSprint Inc.: A,,,
,,1M5,Douglas Hunter Field,Portland,United States,36.592861,-86.476917,AirSprint Inc.: A,,,
,,P20,Avi Suquilla,Parker,United States,34.149833,-114.267833,AirSprint Inc.: A,,,
,,3U3,Bowman Field,Anaconda,United States,46.153414,-112.867735,AirSprint Inc.: A,,,
,,4A6,Scottsboro Municipal-Word Field,Scottsboro,United States,34.688694,-86.005944,AirSprint Inc.: A,,,
,,14WI,Cylon,New Richmond,United States,45.136944,-92.376667,,,,
CTG3,,,Du Rocher-Percé Pabok,Grande-Rivière,Canada,48.3838889,-64.5627778,AirSprint Inc.: A,,,
CSM3,,,Thetford Mines,Thetford Mines,Canada,46.0522222,-71.2575,AirSprint Inc.: A,,,
,XBR,,Brockville Regional Tackaberry,Brockville,Canada,44.6394444,-75.7502778,AirSprint Inc.: B,,,
CJW5,,,Russell,Russell,Canada,50.7641667,-101.2941667,AirSprint Inc.: B,,,
,,X07,Lake Wales Municipal,Lake Wales,United States,27.893211,-81.621459,AirSprint Inc.: A,,,
,YJP,,Jasper Hinton,Hinton,Canada,53.319199,-117.752998,AirSprint Inc.: B,,,
,,8A1,Guntersville Municipal - Joe Starnes Field,Guntersville,United States,34.406189,-86.26087,AirSprint Inc.: A,,,
,,FA54,Coral Creek,Placida,United States,26.853742,-82.252603,AirSprint Inc.: A,,,Yes
CAH4,,,Valemount,Valemount,Canada,52.8533333,-119.3344444,AirSprint Inc.: B,,,
,ROL,74V,Roosevelt Municipal,Roosevelt,United States,40.278414,-110.051377,AirSprint Inc.: A,,,
,,F45,North Palm Beach County General Aviation,West Palm Beach,United States,26.845917,-80.222333,AirSprint Inc.: B,,,
,,X60,Williston Municipal,Williston,United States,29.354605,-82.470564,AirSprint Inc.: A,,,
CFH4,,,Fox Harbour,Tatamagouche,Canada,45.870132,-63.461209,AirSprint Inc.: A,,,
CNY3,,,Collingwood Regional,Collingwood,Canada,44.4495,-80.1591667,AirSprint Inc.: A,,,
,YPD,,Parry Sound Area Municipal,Parry Sound,Canada,45.2575,-79.8297222,AirSprint Inc.: B,,,
,SSQ,,La Sarre,La Sarre,Canada,48.9166667,-79.1791667,AirSprint Inc.: A,,,
CNP3,,,Arnprior,Arnprior,Canada,45.4138889,-76.3658333,AirSprint Inc.: B,,,
CFX4,,,Manning,Manning,Canada,56.9508333,-117.6441667,AirSprint Inc.: A,,,
,,K88,Allen County,Iola,United States,37.868222,-95.386944,AirSprint Inc.: A,,,
CEQ3,,,Camrose,Camrose ,Canada,53.0397222,-112.8161111,AirSprint Inc.: B,,,
,SUO,S21,Sunriver,Sunriver,United States,43.876313,-121.453051,AirSprint Inc.: A,,,
CSD4,,,Mont-Laurier,Mont-Laurier,Canada,46.5647222,-75.5761111,AirSprint Inc.: B,,,
,,1R7,Brookhaven-Lincoln County,Brookhaven,United States,31.605833,-90.409306,AirSprint Inc.: B,,,
,YAA,,Anahim Lake,Anahim Lake,Canada,52.4522222,-125.3044444,AirSprint Inc.: A,,,
,,9V9,Chamberlain Municipal,Chamberlain,United States,43.766137,-99.321229,AirSprint Inc.: B,,,
CSC3,,,Drummondville,Drummondville,Canada,45.8458333,-72.395,AirSprint Inc.: A,,,
CSR3,,,Victoriaville André Fortin,Victoriaville,Canada,46.1125,-71.9294444,AirSprint Inc.: A,,,
,,3J1,Ridgeland-Claude Dean,Ridgeland,United States,32.496851,-80.993149,AirSprint Inc.: B,,,
CFB6,,,Edmonton - Josephburg,Edmonton,Canada,53.727998,-113.086567,AirSprint Inc.: B,,,
,YDC,,Drayton Valley Industrial,Drayton Valley,Canada,53.2658333,-114.9602778,AirSprint Inc.: A,,,
,YPB,,Alberni Valley Regional,Port Alberni,Canada,49.3219444,-124.9311111,AirSprint Inc.: B,,,
CYLS,,,Lake Simcoe Regional,Barrie-Orillia,Canada,44.485278,-79.555556,AirSprint Inc.: A,,,
CJJ4,,,Deloraine,Deloraine,Canada,49.1505556,-100.5005556,AirSprint Inc.: B,,,
,RBK,F70,French Valley,Murrieta/temecula,United States,33.574179,-117.128473,AirSprint Inc.: A,,,
,CFQ,,Creston,Creston,Canada,49.0369444,-116.4983333,AirSprint Inc.: B,,,
CCR3,,,Florenceville,Florenceville,Canada,46.4261111,-67.6280556,AirSprint Inc.: A,,,
